oracle_id,school_name,FY 2017 Ending Budget
25871,A N Pritzker School,5738865
29111,A Philip Randolph Magnet School,4574495
66255,ASPIRA Business and Finance,4187939
66254,ASPIRA Charter - Early College Campus,5379558
66351,ASPIRA Charter-Haugan Middle School Campus,5181401
11116,AUSL Program Support,7593388
24191,Abraham Lincoln Elementary School,6063949
63011,Academy for Global Citizenship,4544746
66031,Academy of Communications & Technology (ACT) Charter School,2975683
69362,Academy of Sacred Heart/Hardey Prep,10925
69257,Academy of St. Benedict the African Laflin,301596
11201,Access and Enrollment,3070846
16050,Accountability,163335
12410,Accounting,4663877
12430,Accounts Payable,590658
26291,Adam Clayton Powell Jr Paideia Community Academy,5215718
25471,Adlai E Stevenson School,10922373
23791,Agustin Lara Academy,4158948
45231,Air Force Academy High School,3703462
69343,Akiba Jewish Day School,107927
46471,Al Raby High School,5332785
66151,Alain Locke Charter School,4817217
32011,Albany Park Multicultural Academy Elementary School,2822094
46221,Albert G Lane Technical High School,31323487
29371,Albert R Sabin Magnet School,5290131
25681,Alessandro Volta School,7796253
22301,Alex Haley School,5809471
23462,Alexander Fleming Br - Grimes,316
22231,Alexander Graham Bell School,8771637
23391,Alexander Graham School,4212336
23501,Alexander Hamilton School,4011911
24691,Alfred Nobel Elementary School,7091990
22131,Alice L Barnard Computer Math & Science Center,3536038
69323,Altus Academy,26330
66551,Amandla Charter School,12771
24981,Ambrose Plamondon School,1767295
26441,Amelia Earhart Options For Knowledge Specialty School,2371754
26521,Amos A Stagg School,3780206
69104,Ancona School Society,23843
22551,Andrew Carnegie School,5380918
29171,Andrew Jackson Language Academy,4979537
22841,Anna R. Langford Community Academy,3204896
29211,Annie Keller Regional Gifted Magnet School,2162521
69040,Annunciata,42815
66291,Architectur Construction & Engineering - ACE Technical Charter School,4647777
69591,Arie Crown School,116738
23421,Ariel Community Academy,4497223
25331,Arnold Mireles Academy,5070716
24171,Arthur A Libby School,4247741
22971,Arthur Dixon School,4946366
22541,Arthur E Canty,6334902
26191,Arthur R Ashe Jr Elementary School,2983988
10890,Arts,1851384
32081,Ashburn Community Area School,5202354
11210,Assessment,6902013
69530,Associated Talmud Torah Of Chicago,685297
22091,Audubon Elementary School,5028915
22421,Augustus H Burley Elementary School,4887592
66411,Austin Business and Entrepreneurship Academy,220310
66511,Austin Multiplex,95087
49141,Austin Polytechnical Academy,22583
22101,Avalon Park School,2906361
46551,Back of the Yards High School,9051291
69553,Bais Yaakov High School Of Chicago,55529
65019,Banner Academy West,2515762
26732,Barbara Vick Center - Vick Village,25836
26731,Barbara Vick Early Childhood & Family Center,3935937
29321,Beasley Academic Center Magnet,9996551
29322,Beasley CPC,9207
26771,Belmont-Cragin School,5156882
46421,Benito Juarez High School,15191521
26321,Benjamin E Mays Academy,4609777
24551,Bernhard Moos School,5172425
25412,Bernice F Joyner Child-Parent- Center Br - Smyth,56187
69304,Bethseda Lutheran School,47550
25161,Betsy Ross School,515
66401,Betty Shabazz - Barbara A. Sizemore,2241
66121,Betty Shabazz International Charter School,534412
66311,Betty Shabazz International Charter School-DuSable Leadership,9195
25371,Beulah Shoesmith School,3067666
29382,Black Robert A Br - Black Magnet,9345
30071,Blair Early Childhood Center,4301748
69056,Blessed Agnes School,73546
10110,Board of Trustees,1018279
22371,Bouchet Academy,5917934
46491,Bowen High School,5069008
22311,Brentano Math & Science Academy,4385813
23561,Bret Harte Elementary School,3341312
24781,Brian Piccolo Elementary School,5303739
69202,Brickton Montessori School,20500
11956,Bridgeport,14456
69209,Bridgeport Catholic Academy School - South,33531
26451,Brighton Park Elementary School,4271645
66421,Bronzeville Lighthouse Charter School,7206
55191,Bronzeville Scholastic Institute,4149943
69357,Brother Rice High School B,28419
12610,Budget & Management Office,2472345
22431,Burnham/Anthony Inclusive Academy,4987725
29021,Burnside Scholastic Academy,4954625
12280,Business Diversity,281941
11890,CPS Warehouse - City Wide,2778009
22511,Caldwell Academy Of Mathematics Science & Technology,2603189
26821,Calmeca Academy of Fine Arts and Dual Language,6608646
66501,Calumet Multiplex,2895
66012,Camelot Safe Academy Elementary,314697
66013,Camelot Safe Academy Elementary Garfield Park,1399933
23981,Canter Middle School,12698
12150,Capital/Operations - City Wide,126144
46281,Carl Schurz High School,18449897
24201,Carl Von Linne Elementary School,5635855
25941,Carrie Jacobs Bond,3440192
26541,Carter G Woodson South,3823439
46381,Carver Military High School,5461029
31211,Casimir Pulaski International Academy Elementary School,7142121
22461,Castellanos,5467605
66433,Catalyst - Maria Charter School,12910982
66432,Catalyst Elementary School - Circle Rock,5457905
69302,Catherine Cook School,11910
25151,Cesar E Chavez Multicultural Academic Center,9142464
53041,Charles Allen Prosser Career Academy,13656595
22571,Charles Carroll School,5010320
23901,Charles Evans Hughes School,2611933
23531,Charles G Hammond School,4522804
22901,Charles Gates Dawes School,9235414
26621,Charles H Wacker School,3463983
31151,Charles Kozminski Community Academy School,2837600
23821,Charles N Holden School,4782044
46291,Charles P Steinmetz Academic Centre,13707030
22881,Charles R Darwin School,4886365
23721,Charles R Henderson School,2591729
22361,Charles S Brownell School,2194890
22931,Charles S Deneen School,4507065
31221,Charles Sumner Mathematics & Science Community Academy,2957027
23031,Charles W Earle School,4503813
69593,Cheder Lubavitch,51341
69099,Cheder Lubavitch Hebrew School,62030
45211,Chicago Academy Elementary School,5171006
46481,Chicago Academy High School,5315770
66671,Chicago Collegiate,3339003
63141,Chicago Excel/Camelot,3002939
47091,Chicago High School For Agricultural Sciences,9198786
63051,Chicago High School for the Arts,5879136
69012,Chicago Hope Academy,15725
66077,Chicago International Charter School (CICS) Larry Hawkins Campus,4984
66371,Chicago International Charter School (CICS)- Avalon/South Shore Campus,5162048
66231,Chicago International Charter School (CICS)- Basil Campus,7457463
66071,Chicago International Charter School (CICS)- Bucktown Campus,7264134
66061,Chicago International Charter School (CICS)- Longwood Campus,15198807
66241,Chicago International Charter School (CICS)- Northtown Campus,10485961
66161,Chicago International Charter School (CICS)- Prairie Campus,4314499
66072,Chicago International Charter School (CICS)- Ralph Ellison Campus,5291444
66181,Chicago International Charter School (CICS)- Washington Park Campus,4733459
66221,Chicago International Charter School (CICS)- West Belden Campus,5726648
66381,Chicago International Charter School (CICS)- Wrightwood Campus,7883855
66651,Chicago International Charter School - ChicagoQuest North,3312466
66075,Chicago International Charter School - Friesse Campus,5606823
66074,Chicago International Charter School - Irving Park,5386695
66076,Chicago International Charter School - Lloyd Bond Campus,3563706
69036,Chicago Jewish Day School,12540
66281,Chicago Math and Science Academy (CMSA) Charter School,6831023
70070,Chicago Military Academy - Bronzeville,3626039
69450,Chicago SDA Academy,58788
63111,Chicago Talent Development High School,3135
63091,Chicago Technology Academy High School,3339878
66481,Chicago Virtual Charter School,7492322
53011,Chicago Vocational Career Academy,11034938
69238,Chicago Westside Christian,113708
14010,Chief Administrative Office,247669
10816,Chief Education Office,1265192
10810,Chief Teaching & Learning Officer,3282223
69135,Children of Peace,37742
69462,Christ The King Lutheran,36620
69073,Christ The King School,86211
69027,Christ the King Jesuit (Catholic),325001
69237,Christian Affiliate Schools,499451
23051,Christian Ebinger,5944629
46111,Christian Fenger Academy,3762467
69171,Christian STEM Scholars Academy,24710
69170,Christo Rey High School,32753
22791,Christopher Columbus School,2617005
66661,Christopher House Charter School,3141738
22151,Clara W Barton School,4610514
31301,Claremont Academy,5207059
10870,College and Career Success Office,307253
49131,Collins Academy High School,4107474
44021,Collins Multiplex,71786
11955,Colman,18506
20071,Columbia Explorers Academy,8410085
10510,Communications Office,1612214
12690,Consolidated Pointer Line Unit,-38230634
49041,Consuella B. York Alternative HS,7334964
12691,Control Accounts/Compensation - City Wide,11815954
69371,Cornerstone Academy,8006
69538,Council Oak Montessori,5610
10850,Counseling and Postsecondary Advising,2526011
10855,Counseling and Postsecondary Advising - City Wide,1951901
23891,Countee Cullen School,1884984
30141,Courtenay Language Arts Center,6752109
31021,Crispus Attucks School,2963
31041,Crown Community Academy Fine Arts Center,3200734
24431,Cyrus H Mccormick School,6396244
22271,Daniel Boone School,7515501
30051,Daniel Carter Beard School,4370429
55161,Daniel Hale Williams Prep School of Medicine,3324333
22851,Daniel J Corkery School,5134855
22531,Daniel R Cameron Elementary School,6934258
25811,Daniel S Wentworth School,5540886
25791,Daniel Webster School,3568552
53091,David G Farragut Career Academy High School,10052878
69566,Daystar School,62850
69363,De La Salle Institute B,3591
69367,DePaul College Prep,111584
10825,Department of Personalized Learning,1837959
46521,Devry University Advantage Academy,2365254
22951,Dewey Academy Of Multicultural Studies,4058726
22751,Dewitt Clinton School,8553479
26921,Disney II Magnet School,9525974
11675,Diverse Learner Related Services Providers - City Wide,142480884
11610,Diverse Learner Supports & Services,7601634
22981,Dodge Renaissance Academy,2671
11951,Dodge-Garfield Park,22398
24571,Donald L Morrill Mathematics & Science Specialty School,6406165
25591,Douglas Taylor Elementary School,4694402
22581,Dr Jorge Prieto Math and Science Academy,8487950
26371,Dr. Martin Luther King Jr. Academy of Social Justice,2804615
46541,DuSable Multiplex,193530
53021,Dunbar Vocational Career Academy,7836177
26831,Durkin Park School,5673951
26051,Dvorak Technology Academy,3874765
66021,Dyett High School,11891
12693,ECIA Projects,108562
63081,EPIC Academy,5988562
11360,Early Childhood Development,1091579
11385,Early Childhood Development - City Wide,78467280
13725,Early College and Career,3632375
13727,Early College and Career - City Wide,6210546
68010,Eckersall Stadium,14426
29261,Edgar Allan Poe Classical School,2009365
23071,Edgebrook School,3666756
28081,Edison Park Elementary,4713039
22411,Edmund Burke Elementary School,5726667
12670,Education General - City Wide,-196781887
23101,Edward (Duke) K Ellington School,6716722
22911,Edward C Delano School,46
22771,Edward Coles Model For Excellence School,4239682
23141,Edward Everett Elementary School,2098083
25491,Edward F Dunne School,2712257
26431,Edward H White,1975866
23951,Edward Jenner Academy Of The Arts,3263071
23911,Edward N Hurley School,6826682
53121,Edward Tilden Career Commmunity Academy,4478030
46131,Edwin G. Foreman College and Career Academy,10672391
25841,Eli Whitney School,8427748
22681,Eliza Chappell Elementary School,5808053
25561,Elizabeth H Sutherland School,5172262
25921,Ella Flagg Young School,7757918
53051,Ellen H Richards Career Academy,3326017
24511,Ellen Mitchell School,3613481
47031,Emil G Hirsch Metropolitan High School,3646071
23611,Emiliano Zapata Academy,7399243
24441,Emmit Louis Till Math and Science Academy,3423873
25631,Enrico Tonti School,8482592
69094,Epiphany School,99962
46101,Eric Solorio Academy High School,10666231
66331,Erie Elementary Charter School,4442085
25031,Ernst Prussing,5898376
23131,Esmond Elementary School,3406768
23211,Eugene Field School,2123355
22871,Everett Mckinley Dirksen School,7126193
26461,Evergreen Academy School,3163353
63144,Excel Academy - Southwest,2215186
63143,Excel Academy - Woodlawn,2337984
63142,Excel Academy of Englewood,2418514
10710,Executive Office,1505129
14040,External Affairs and Partnerships,352682
69587,Ezzard Charles School,24248
11860,Facility Operations & Maintenance,1963452
11880,Facility Opers & Maint - City Wide,299585308
26701,Fairfield Academy,4614974
14060,Family & Community Engagement Office,5564197
28221,Faraday Multiplex,28943
22341,Federico Garcia Lorca Elementary School,6815444
50191,Fenger Achievement Academy,100
24871,Ferdinand W Peck School,11311127
23201,Fernwood School,2792990
11810,Finance,12227674
26101,Florence B Price Elementary School,3071
24671,Florence Nightingale School,10141327
23241,Fort Dearborn Elementary School,3863914
23261,Foster Park School,3905651
66941,Foundations College Preparatory Charter School,2566509
24451,Francis M Mckay School,7778091
24001,Francis Scott Key School,250
31181,Francis W Parker Community Academy,5991916
69016,Francis W. Parker School,6300
41041,Francisco I Madero Middle School,3307054
22241,Frank I Bennett School,3271219
23321,Frank L Gillespie School,5120471
29121,Frank W Gunsaulus Scholastic Academy School,6594256
25101,Frank W Reilly School,8294984
29081,Franklin Fine Arts Center,3561091
25291,Franz Peter Schubert School,6937393
29411,Frazier International Magnet Elementary School,2908608
26901,Frazier Prepartatory Academy,4153432
22721,Frederic Chopin School,5792047
41061,Frederick A Douglass Academy High School,2573479
23291,Frederick Funston School,4736068
30081,Frederick Stock School,3720318
47081,Frederick W Von Steuben Metropolitan Science Center,15605599
10406,Freedom of Information Act Office,224000
23921,Friedrich L. Jahn Elementary of the Fine Arts,3649701
69103,GFP/Other Private Schools,78961
46141,Gage Park High School,6417880
66341,Galapagos Charter School,22878
29141,Galileo Scholastic Academy Of Math & Science,4999227
68100,Gately Stadium,22459
26351,Genevieve Melody School,5269040
22081,George Armstrong Elementary School,12170803
24421,George B McClellan Elementary School,3961193
25571,George B Swift Specialty School,6049315
22651,George F Cassell School,4314567
46391,George Henry Corliss High School,5540143
26391,George Leland Elementary School,5462163
25041,George M Pullman School,3413060
24311,George Manierre School,4692515
22191,George Rogers Clark Elementary School,2747940
26071,George T Donoghue School,10352
23061,George W Curtis Elementary School,5082856
25621,George W Tilton School,3614324
22621,George Washington Carver Elementary,5167381
46331,George Washington High School,12888310
25771,George Washington School,7012897
53071,George Westinghouse Career Academy,10370053
29071,Gerald Delgado Kanoon Magnet School,5633533
69311,Gloria Dei Lutheran School,15122
69569,Grace English Lutheran,40116
69313,Grace Lutheran School,77143
12620,Grant Funded Programs Office,1822028
12625,Grant Funded Programs Office - City Wide,1088539
66951,Great Lakes Academy Charter School,2680474
22741,Grover Cleveland School,6482423
46341,Gurdon S Hubbard High School,16741626
47051,Gwendolyn Brooks,8779490
69368,Hales Franciscan High School-B,4655
46021,Hancock High School,8207701
69141,Hanna Sachs Bias Yaakov High School Of Chicago,106790
25431,Hannah G Solomon School,3894599
68020,Hansen Park Stadium,31231
24461,Hanson Park School,14917728
51021,Harlan Community Academy High School,6872795
24921,Harold Washington School,3820722
46151,Harper High School,3616671
25521,Harriet Beecher Stowe School,6792013
29271,Harriet E Sayre Language Academy,3757763
29131,Hawthorne Scholastic Academy,5202952
11953,Hayes,7607
50061,Hayes APC,8632
24891,Helen C Peirce School Of International Studies,8368058
23711,Helen M Hefferan School,3960989
23591,Helge A Haugan,8540331
22731,Henry Clay Elementary School,5488687
24221,Henry D Lloyd School,9070171
24641,Henry H Nash School,3087698
26281,Henry O Tanner School,3803746
22761,Henry R Clissold School,5022891
25441,Herbert Spencer Math & Science Academy,6610243
69595,Hillel Torah,36177
22221,Hiram H Belding School,4801643
69124,Holy Angels School,70789
69478,Holy Family Lutheran,180549
69372,Holy Trinity High School,64121
49091,Hope College Prep HS,3088179
63031,Hope Institute Learning Academy,4408179
22661,Horace Greeley School,5590855
24331,Horace Mann School,5335335
63181,Horizon Science Academy - Southwest Chicago Charter,7811498
66521,Howland Multiplex,9796
22451,Hughes/Davis,5906495
11070,Human Capital Office - City Wide,7489404
69506,Humboldt Community Christian S Chool,108617
46171,Hyde Park Career Academy,8565506
45221,Hyman G. Rickover Naval Academy,5715956
69537,ICC Full Time School,6908
69361,Ida Crown Jewish Academy High School,31959
69139,Immaculate Conception School,80422
70140,Independent Schools Of Chicago,686701
55151,Infinity Math,4415800
12510,Information & Technology Services,82747665
13610,Innovation and Incubation Office,2146200
10320,Inspector General,2202129
63131,Instituto Health Sciences Career Academy,9080841
63132,Instituto Justice and Leadership Academy Charter HS,1165468
11551,Instructional Supports,11519944
29191,Inter-American Magnet,6170082
10450,Intergovernmental Affairs,1232552
66691,Intrinsic School,11729728
22641,Ira F Aldridge Elementary School,1835859
22441,Irene C. Hernandez Middle School for the Advancement of the Sciences,8053943
24931,Irma C Ruiz School,6859123
26251,Irvin C Mollison School,4091074
24751,Isabell C O'Keeffe School,5516694
69010,Islamic Community Center of IL,13429
23341,J W Von Goethe School,6327653
5261,JROTC Department,2035888
26061,Jackie R Robinson,1825734
22211,Jacob Beidler School,4254673
49081,Jacqueline B Vaughn Occupational High School,5108268
23161,James B Farnsworth School,6440159
24471,James B Mcpherson Elementary School,8514878
29181,James E Mcdade Classical School,1937148
22261,James G Blaine School,7269437
23681,James Hedges School Main,6341902
24301,James Madison School,2750066
24531,James Monroe School,7813654
25601,James N Thorp Elementary School,3960580
24791,James Otis School,5650317
22991,James R Doolittle Jr Intermediate & Upper Cycle East,2901583
24251,James Russell Lowell Elementary School,5483099
25361,James Shields Elementary School,7888597
27091,James Shields Middle School,5853286
25711,James Wadsworth School,5472187
25751,James Ward Elementary School,4726235
26231,James Weldon Johnson Elementary School of Excellence,4120752
24651,Jane A Neil School,5219750
22021,Jane Addams School,6058245
22201,Jean Baptiste Beaubien School,8004748
29341,Jensen Scholastic Academy School,4296356
31071,Jesse Owens Community Academy,44
23351,Jesse Owens Elementary Community Academy,4707719
25351,Jesse Sherwood School,3679338
69585,Jewish Children Family Services,21447
69314,Joan Dachs Bais Yaakov Elem,182701
25731,John A Walsh Elementary School,4202541
23011,John B Drake School,4676622
24621,John B Murphy School,5001630
22141,John Barry Elementary School,5676854
22481,John C Burroughs School,4351379
22821,John C Coonley School,7588111
23001,John C Dore School,5418261
23481,John C Haines School,5338809
26001,John Calhoun North School,250
25381,John D Shoop Elementary School,4259531
23041,John F Eberhart School,11006222
46201,John F Kennedy High School,15442674
23221,John Fiske School,4755473
26141,John Foster Dulles Elementary School of Excellence,5672042
25861,John Greenleaf Whittier School,2979018
23441,John Gregory School,3622913
23511,John H Hamline Elementary School,5749009
24071,John H Kinzie Elementary School,7301698
29311,John H Vanderpoel Magnet School,2922779
23581,John Harvard Elementary School of Excellence,3832577
31111,John Hay Community Academy School,3746255
29251,John J. Pershing East Magnet School,5521636
26871,John J. Pershing West Magnet School for the Humanities,63760
24361,John L Marsh School,6992593
24821,John M Palmer School,6856758
25411,John M Smyth Elementary School,5214940
47041,John Marshall Metropolitan High School,5789239
25451,John Spry Community School,5399286
26201,John T Mccutcheon School,5242634
24971,John T Pirie Fine Arts & Academic Center,3132124
22801,John W Cook Elementary School,4035258
23301,John W Garvy School,6123254
25831,John Whistler Elementary School,3043687
26751,Johnnie Colemon School,2561090
22471,Jonathan Burr Elementary School,3738975
25241,Jonathan Y Scammon School,6309744
22811,Jordan Community School,4951293
31261,Jose De Diego Community Academy,6562473
23411,Josefa Ortiz De Dominguez Elementary School New Gary,5230797
25991,Joseph Brennemann School,4456262
23311,Joseph E Gary School,8971156
23961,Joseph Jungman School,3447013
23251,Joseph Kellman Corporate Community School,3251603
24241,Joseph Lovett School,3890209
25502,Joseph Stockton Child-Parent-Center - Stockton,27962
25761,Joseph Warren Elementary School,2687705
24231,Josephine C Locke School,11485691
69375,Josephinum High School,74672
23991,Joshua D Kershaw Elementary School,3110100
24961,Josiah L Pickard School,4786614
24021,Joyce Kilmer School,7783296
26041,Julia C Lathrop School,2600
23851,Julia Ward Howe School,4166740
66261,KIPP Ascend Charter School,9338663
66932,KIPP Ascend Primary Charter,11821
66032,KIPP One Academy,1880131
66931,KIPP-Bloom,3091628
46371,KIng Selective Enrollment HS,7185948
23971,Kate S Kellogg School,2765112
46191,Kelvyn Park High School,6340474
46361,Kenwood Academy,14429178
63041,Kwame Nkrumah Academy,2389631
66566,LEARN - New Elementary Charter School,3688925
66567,LEARN - New Middle Charter School,3128516
66562,LEARN Charter ES - Charles and Dorothy Campbell,4607018
66211,LEARN Charter School,6119721
66561,LEARN Charter School - Excel Campus,4679798
66564,LEARN Charter School - Hunter Perkins,4941517
70241,LR - Alcott HS,4956
10910,LSC Relations,1575197
29101,LaSalle Language Magnet,6299573
46211,Lake View High School,12478124
26641,Langston Hughes School,500
11510,Language & Cultural Education,1648685
11540,Language & Cultural Education - City Wide,6916822
29161,Lasalle Language Academy School,5044245
23151,Laughlin Falconer School,9451810
24991,Laura S Ward School,4841037
25671,Lavizzo Elementray,3514617
10210,Law Office,12724135
31161,Lawndale Community Academy School,3034214
69048,Lawrence Hall Youth Services,144556
24051,Lazaro Cardenas School,5362478
66563,Learn Charter School - South Chicago Campus,4704999
67071,Legacy Charter School,4593889
66641,Legal Prep Charter Academy,3963305
29051,Leif Ericson Scholastic Academy,4236216
69377,Leo High School,85051
24151,Leslie Lewis School,4043429
22181,Lillian R. Nicholson STEM Academy,5236605
46321,Lincoln Park High School,17286653
46511,Lindblom Math and Science Academy High School,11225332
32021,Lionel Hampton Fine and Performing Arts School,5319513
13700,Literacy,1941302
13705,Literacy - City Wide,1304331
63161,Little Black Pearl,1737526
22521,Little Village Academy,6798090
49121,Little Village Multiplex,-227851
41091,Logandale Middle School,6803908
25221,Louis Armstrong Mathematics & Science Specialty School,250
22031,Louis J Agassiz School,5054625
24661,Louis Nettelhorst School,6843126
24851,Louis Pasteur School,8291015
22041,Louisa May Alcott School,8184750
69039,Lubavitch Girls High School,23960
25931,Ludwig Von Beethoven School,4364119
24801,Luke O'Toole School,3846065
22401,Luther Burbank School,8108395
69382,Luther High School North,20447
69336,Lutheran Education Foundation,495252
69086,Lydia Home Association,115770
69532,Lydia Urban Prep,8780
22391,Lyman A Budlong School,6689140
25651,Lyman Trumbull School,3000
65021,Magic Johnson Brainerd,1452187
65012,Magic Johnson Bridgescape Academy Roseland,1854776
65022,Magic Johnson Englewood,3539659
65020,Magic Johnson Humboldt Park,1812788
65011,Magic Johson Bridgescape Academy North Lawndale,1912788
10845,Magnet-Gifted and IB Programs,3665616
26651,Mahalia Jackson School,3798786
25581,Mancel Talcott School,5167215
53111,Manley Career Community Academy High School,3128787
22861,Manuel Perez Jr Elementary School,3514543
24951,Marcus Moziah Garvey School,2514710
29151,Maria Saucedo Scholastic Academy,8779711
22921,Mariano Azuela Elementary School,7364149
53101,Marie Sklodowska Curie Metropolitan High School,27934553
41111,Marine Leadership Academy at Ames,8528093
49151,Marine Military Academy,2895
69386,Marist High School,7460
29201,Mark Sheridan Math & Science Academy,5060800
29281,Mark Skinner School,8013070
25661,Mark Twain School,8888666
24341,Marquette Elementary,9487184
25181,Martha M Ruggles Elementary School,3853433
22691,Marvin Camras Elementary School,7973120
26421,Mary E Mcdowell Elementary School,2020744
24941,Mary G Peterson School,7023262
24281,Mary Lyon School,11466615
69197,Maternity Bvm School,113156
13717,Mathematics,965225
29091,Matthew Gallistel Language Academy,8389425
26591,Medgar Evers School,3204976
23271,Melville W Fuller,3228836
69063,Mercy Home for Boys,150393
69013,Mercy Home for Girls,11298
69087,Methodist Youth Services,195750
24371,Michael Faraday Elementary School,3295401
22501,Michael M Byrne School,5569892
41051,Michelle Clark Academic Prep Magnet High School,6236699
22491,Milton Brunson Specialty Elementary School,4981336
23931,Minnie Mars Jamieson School,7739125
46251,Morgan Park High School,13500215
26091,Morton School of Excellence,3748327
30041,Moses Montefiore Special School,1053
24591,Mount Greenwood Elementary School,7163018
24601,Mount Vernon Elementary School,2787969
66911,Moving Everest Charter School,2931830
69550,Muhammad Univ,84228
55181,Multicultural Arts High School (at Little Village),2986394
22291,Myra Bradwell Communication Arts & Sciences Academy,5560766
66271,Namaste Charter School,5138617
30011,Nancy B Jefferson Alternative School,7695434
23491,Nathan Hale School,8117401
26561,Nathan R Goldblatt School,250
22891,Nathan S Davis School & Annex,7041190
23431,Nathanael Greene School,5232191
32031,National Teachers' Academy (NTA),5957680
53061,Neal F Simeon Vocational High School,12474172
69458,Near North Montessori A,68433
2411,Network 1,1171600
2501,Network 10,1058078
2511,Network 11,1708764
2521,Network 12,1133140
2531,Network 13,1623606
2421,Network 2,1285966
2431,Network 3,1497499
2441,Network 4,1033911
2451,Network 5,1337351
2461,Network 6,1231244
2471,Network 7,1110902
2481,Network 8,1316553
2491,Network 9,1472839
11110,Network Support,2408727
22071,New Field School,6161960
13615,New School Development - City Wide,768731
66137,New UNO HS at 51st & St. Louis,7460769
22171,Newton Bateman Elementary School,8413249
31101,Ninos Heroes Academic Center,3616628
66579,Noble - Mansueto High School,2108651
66572,Noble Street Charter High School - Chicago Bulls College Prep Campus,12073250
66146,Noble Street Charter High School - Comer Campus,12881363
66148,Noble Street Charter High School - Englewood Campus,9709364
66145,Noble Street Charter High School - Golder Campus,7487275
66573,Noble Street Charter High School - Muchin College Prep Campus,10525254
66142,Noble Street Charter High School - Pritzker College Prep Campus,11398235
66143,Noble Street Charter High School - Rauner College Prep Campus,7320139
66144,Noble Street Charter High School - Rowe Clark Campus,6923536
66147,Noble Street Charter High School - UIC Campus,9698441
66141,Noble Street Charter School,7371301
66578,Noble Street Charter School - The Noble Academy,3802431
66149,Noble Street Charter School -ITW David Speer Academy,9560086
66577,Noble Street Charter School- Baker College Prep (Orange),4538200
66576,Noble Street Charter School- Butler College Prep (Crimson),6921766
66575,Noble Street Charter School- DRW College Prep (Purple),6491521
66574,Noble Street Charter School-Hansberry College Prep (Silver),8310713
22321,Norman Bridge School,8086681
46431,North Grand High School,9469949
66091,North Lawndale College Prep - Christiana,4344197
66092,North Lawndale College Prep - Collins,4760480
69509,North Park Elementary School,6995
26841,North River Elementary School,3110580
69327,North Shore SDA Junior Academy,34371
69145,Northside Cath Academy,108849
46061,Northside College Prep,9894098
49021,Northside Learning Center,6534072
69315,Northwest Institute,12509
41121,Northwest Middle,4450235
24711,Norwood Park Elementary School,3586083
69393,Notre Dame High School,3011
12010,Nutrition Support Services,2220447
12050,Nutrition Support Services - City Wide,131779927
11671,ODLSS Instructional Supports: Access & Opportunities,19652
11672,ODLSS Instructional Supports: Diverse-Learner Supp,11443827
11674,ODLSS Instructional Supports: Network Supports,71228711
11673,ODLSS Instructional Supports: Specially-Designed Instruction,10266569
69556,Oakdale Christian Academy,153361
69510,Office of Catholic Schools,12686784
5281,Office of Education Options,-132982
10430,Office of Internal Audit and Compliance,6718851
15500,Office of Planning and Data Management,1294701
10811,Office of School Quality Measurement and Research,2221018
14050,Office of Student Health & Wellness,7239302
69198,Old St. Mary School,7278
29301,Ole A Thorp Scholastic Academy,7182486
26381,Oliver S Westcott Elementary School,3993085
23831,Oliver Wendell Holmes School,3438081
65014,Ombudsman Chicago - South,4517135
65013,Ombudsman Chicago Northwest,2826998
65015,Ombudsman Chicago West,4006531
24771,Oriole Park School,5326310
31281,Orozco Academy,5659089
28151,Orr Academy,4691398
22331,Orville T Bright Elementary School,3689418
26631,Oscar Depriest School,6428153
24401,Oscar F Mayer Elementary School,6914115
12694,Other Government Funded,2100081
69219,Our Lady Of Grace School,84755
69220,Our Lady Of Guadalupe School,99157
69069,Our Lady Of Tepeyac,134735
69230,Our Lady Of The Snows School,92661
69233,Our Lady Of Victory School,2794
69084,Our Lady of Charity,479
69405,Our Lady of Tepeyac High School,65488
69501,P L A I D Academy,57559
24011,Pablo Casals,3755112
24841,Park Manor Elementary School,3281789
31201,Parkside Community Academy School,2799328
69534,Pass It On Academy,52084
66191,Passages Charter School,4598168
65018,Pathways in Education,2356794
65016,Pathways in Education Avondale,2626404
66801,Pathways in Education Brighton Park,3208975
23731,Patrick Henry School,4827092
23881,Paul Cuffe Elementary School,3703509
25121,Paul Revere Accelerated School,2550347
46121,Paul Robeson High School,2878478
12450,Payroll Services,2112693
67021,Peace and Education Coalition High School,2955517
12470,Pension & Liability Insurance - City Wide,616009108
46401,Percy L Julian High School,8576847
22161,Perkins Bass School,4461982
11952,Pershing East,3155
66056,Perspectives - Math and Science Academy,5403004
66052,Perspectives Charter School - Calumet Campus,5607010
66051,Perspectives Charter School - Rodney D. Joslin Campus,4720744
66053,Perspectives Charter School- Calumet High School of Technology,4410339
25111,Peter A Reinberg,8122777
22831,Peter Cooper Dual Language Academy,5094605
22061,Philip D Armour School,3042526
29221,Philip Murray Language Academy,4567452
25141,Philip Rogers School,6664268
23671,Phoebe Apperson Hearst School,4684309
55011,Phoenix Military Academy,6194710
31141,Pilsen Community Academy,4330116
63021,Plato Learning Academy,4500741
67081,Polaris Charter Academy,4312361
69101,Pope John Paul II/Five Holy Martyrs,285609
25011,Portage Park Elementary School,7865939
69324,Prigrim Lutheran SchoolA,13965
26851,Princeton AC,5857
2541,Principal Quality,7290136
12210,Procurement and Contracts Office,2605777
66491,Prologue Early College High School,1000
66581,Prologue-Joshua Johnston Charter School,2261214
69395,Providence - St. Mel School High Schol,2400
66471,Providence Englewood Charter School - Bunche Campus,4532167
69504,Pui Tak Christian School,45483
69254,Queen Of Angels School,63570
69256,Queen Of The Universe School,128619
26031,R Nathaniel Dett,4219263
22601,Rachel Carson Elementary School,8843249
31061,Ralph H Metcalfe Community Academy Elementary School,3793040
25061,Ravenswood School,4898201
49101,Ray Graham Training Center,4119980
11910,Real Estate,16278113
23081,Richard Edwards School,12710952
26331,Richard Henry Lee School,7505096
25951,Richard J Daley Academy,5256365
24741,Richard J Oglesby School,4569219
46081,Richard T Crane Tech Prep Comm On School,6679
46641,Richard T. Crane (RTC) Medical Preparatory High School,5499030
25911,Richard Yates Elementary School,6235183
12460,Risk Management,8887223
46031,Roald Amundsen High School,11637203
29381,Robert A Black Magnet School,4144690
23121,Robert Emmet School,250
23281,Robert Fulton School,3881746
23651,Robert Healy School,10924579
23381,Robert J. Richardson Middle School,4966679
23461,Robert L Grimes School,3969372
51091,Roberto Clemente Community Academy High School,8307520
68050,Rockne Stadium,6450
24101,Rodolfo Lozano Bilingual & International Center,3101075
46301,Roger C Sullivan High School,7401090
69248,Rogers Park Montessori School,44655
26301,Ronald E McNair Elementary School,4748638
24631,Ronald H Brown Community Academy,3409588
24381,Roswell B Mason Elementary School,4113029
66571,Rowe Elementary School,9101877
30101,Ruben Salazar Bilingual Education Center School,3591576
66921,Rudy Lozano Leadership Academy - Mastery Campus (RLLAM),466524
24081,Rudyard Kipling School,3193306
23811,Rufus M Hitch School,4835544
22711,STEM Magnet Academy,3750801
69270,Sacred Heart School,61357
66011,Safe Schools Alternative,2720698
10615,Safety and Security - City Wide,25984127
69389,Salem Christian School,43660
22701,Salmon P Chase School,5287304
69142,San Miguel School,57681
69207,Sanders Academy,18577
26721,Sandoval Elementary School,8303140
69184,Santa Lucia School,19291
46611,Sarah E. Goode STEM Academy,8333295
25211,Sauganash Elementary School,4473065
10610,School Safety and Security Office,6231206
15010,School Support Center - City Wide,6571693
11940,School Transportation - City Wide,107518226
55171,School of Social Justice (at Little Village),3701643
13716,Science,782697
10871,Science Technology Engineering & Math (STEM) Programs,3778055
22281,Scott Joplin School,3894045
47061,Senn Metropolitan Academy Of Liberal Arts & Technology,13148251
28041,Shakespeare Multiplex,53212
23551,Sharon Christa Mcauliffe Elementary School,6282340
25231,Sidney Sawyer School,12658919
49051,Simpson Academy for Young Women,1876352
29391,Sir Miles Davis Magnet,3362696
22591,Skinner North,3941272
10813,Social Science & Civic Engagement,1280729
10895,Social and Emotional Learning,2205352
10898,Social and Emotional Learning - City Wide,10045603
23751,South Loop School,5587282
22251,South Shore Fine Arts Academy,4450863
46631,South Shore International College Prep High School,6124467
22631,Southeast Area Elementary School,4080724
49031,Southside Occupational Academy,7223968
13737,Sports Administration - City Wide,17667348
46461,Spry Community Links High School,2116249
69029,St Ailbe,212448
69033,St Alphonsus,11218
69037,St Angela School,71138
69038,St Ann School,51764
69049,St Barbara,21021
69050,St Barnabas School,1593
69051,St Bartholomew School,54071
69053,St Bede The Venerable School,67380
69404,St Benedict High School G&B,29970
69054,St Benedict School,86046
69064,St Bruno School,72591
69074,St Christina School,2443
69082,St Constance School,34799
69092,St Edward School,84378
69093,St Elizabeth School,18585
69095,St Ethelreda School,143941
69098,St Ferdinand School,113567
69105,St Francis Borgia School,7204
69109,St Gabriel School,84350
69110,St Gall School,32589
69111,St Genevieve School,91018
69120,St Helen School,83177
69148,St Jane De Chantal School,30495
69151,St Jerome School,19810
69154,St John Berchmans School,28430
69156,St John De La Salle School,231177
69328,St John Lutheran School,30376
69491,St Luke Lutheran School,71225
69180,St Malacy School,166000
69182,St Margaret Of Scotland School,239095
69189,St Mary Of The Angels School,30286
69190,St Mary Of The Lake School,142210
69195,St Mary Star Of The Sea School,76531
69199,St Matthias School,38383
69204,St Michael School,90511
69210,St Nicholas Cathedral School,180200
69212,St Nicholas Of Tolentine School,249375
69236,St Pascal School,64186
69420,St Patrick High School - Boys,65375
69332,St Paul Lutheran School,101326
69245,St Philip Neri School,306627
69247,St Pius V,70319
69260,St Richard School,91562
69262,St Robert Bellarmine School,59484
69267,St Sabina School,335850
69277,St Stanislaus - Kosta,34012
69279,St Sylvester School,19825
69280,St Symphorosa School,70813
69285,St Therese School,68226
69288,St Thomas Of Canterbury School,177528
69286,St Thomas The Apostle School,49368
69294,St Viator School,76547
69298,St Walter School,36494
69300,St William School,79811
69113,St. Catherine of Siena - St. Lucy School,30102
69080,St. Columbanus School,189116
69071,St. Frances of Rome,75
69107,St. Francis de Sales HS,1989
69123,St. Hilary School,56566
69570,St. James Lutheran,11565
69081,St. Joseph School,61285
69168,St. Juliana School,1622
69337,St. Philip Lutheran,350
69281,St. Tarcissus School,1359
68060,Stagg Stadium,36555
29031,Stephen Decatur Classical School,2425693
31081,Stephen F Gale Community Academy,4483529
23621,Stephen K Hayt School,8161430
46241,Stephen T Mather High School,14017049
29291,Stone Scholastic Academy,5964222
11371,Student Support and Engagement,11994632
10875,Student Support and Engagement - City Wide,8865617
11870,Student Transportation Services,4711211
26881,Suder Montessori Magnet School,4245588
49161,TEAM Englewood Community Academy,2921870
11010,Talent Office,14124083
26781,Talman School,4051342
26791,Tarkington School of Excellence,7899580
29361,Ted Lenart Regional Gifted Center,2391655
23231,Telpochcalli,3556006
69022,The Cambridge School,54042
66591,The Montessori School of Englewood Charter,2598522
23771,Theodore Herzl School,6370665
46271,Theodore Roosevelt High School,12326817
25391,Theophilus Schmid School,2325930
29011,Thomas A Edison Regional Gifted Center,2254747
31121,Thomas A Hendricks Community Academy,3121131
22671,Thomas Chalmers Specialty School,3482643
23021,Thomas Drummond Elementary School,3524547
23871,Thomas Hoyne School,2445863
31251,Thomas J Higgins Community Academy,3243743
25781,Thomas J Waters School,4613661
46181,Thomas Kelly High School,20742829
41081,Thurgood Marshall Middle School,564164
28271,Tilton Multiplex,18200
13740,Title I and School Improvement Programs,1129932
13745,Title I and School Improvement Programs - City Wide,1006221
12440,Treasury,1527036
29041,Turner-Drew Language Academy,2982384
69055,UCAN,120057
66399,UNO 51st and Homan Charter Elementary School,5692344
66392,UNO Charter School - Bartolom de las Casas Campus,2982239
66393,UNO Charter School - Carlos Fuentes Campus,5822270
66394,UNO Charter School - Major Hector P. Garcia MD Campus,7461048
66133,UNO Charter School - Near West Elementary Campus,5838361
66134,UNO Charter School - Northside Elementary Campus,8442032
66131,UNO Charter School - Octavio Paz Campus,4020974
66396,UNO Charter School - PFC Omar E. Torres Campus,6149545
66391,UNO Charter School - Rufino Tamayo Campus,3008293
66395,UNO Charter School - SPC Daniel Zizumbo Campus,6303998
66398,UNO Charter School - Sandra Cisneros Campus,5705971
66601,UNO Charter School - UNO Elementary School Campus .,3204472
66602,UNO Charter School Network - 15 (Brighton Park),5942049
66397,UNO Charter School- Officer Donald Marquez Campus,6010026
69318,Unity Lutheran East,57594
69125,Unity Lutheran West,42204
66321,University of Chicago Charter School - Donoghue Campus,4601264
66111,University of Chicago Charter School - North Kenwood/Oakland (NKO) Camp,3183780
66112,University of Chicago Charter School - Woodlawn Campus,6854598
66113,University of Chicago Charter School - Woodson South Campus,3014203
69157,University of Chicago Lab,4180
26861,Uplift Community High School,3978280
69188,Urban Prairie Waldorf,13955
66441,Urban Prep Academy for Young Men Charter School-Englewood Campus,3716493
66442,Urban Prep Charter Academy for Young Men High School - Bronzeville Camp,4170356
63071,Urban Prep Charter Academy for Young Men High School - West Campus,3120517
46621,VOISE Academy High School,3966771
26891,Velma Thomas Early Childhood Center,2818327
69032,Village Leadership Academy,65981
23361,Virgil Grissom School,3245870
69296,Visitation Campus School,112023
29401,Walt Disney Magnet School,13144768
46681,Walter Henri Dyett High School for the Arts,2483911
29231,Walter L Newberry Mathematics & Science Academy,5692863
70020,Walter Payton College Preperatory HS,9894323
23451,Walter Q Gresham Elementary School,3193463
30031,Walter S Christopher School,8084542
25401,Washington D Smyser School,7637549
24881,Washington Irving School,4700150
24811,Wells Preparatory School,4053186
24131,Wendell E Green,3922846
46261,Wendell Phillips Academy,6817004
23641,Wendell Smith,3596797
24721,West Park Academy,5376266
22381,West Ridge Elementary School,6824447
47101,Whitney M Young Magnet High School,17899161
25881,Wildwood School,4329658
26021,Willa Cather School,4003244
24732,William B Ogden Branch,500
24731,William B Ogden School,13726159
29241,William Bishop Owen Scholastic Academy School,2757861
23371,William C Goudy School,6435490
25091,William Claude Reavis School,2641997
26601,William E B Dubois School,2648766
22941,William E Dever School,6121363
23541,William F Finkl,4183381
23801,William G Hibbard School,8916642
22351,William H Brown Elementary School,3808888
24031,William H King School,471
25021,William H Prescott School,3325923
25071,William H Ray School,6383061
25191,William H Ryder Math/Science Specialty School,4681390
25301,William H Seward Communication Arts Academy,6394839
51071,William H Wells Community Academy High School,5153674
46311,William Howard Taft High School,25640147
46041,William J Bogan Computer Technical High School,9157882
24761,William J Onahan School,5030488
47021,William Jones College Prep High School,14343535
25541,William K Sullivan Specialty School,5134482
23401,William P Gray School,10005015
24681,William P Nixon School,7238594
24911,William Penn School,4342578
25341,William T. Sherman Elementary School of Excellence,2782942
22611,William W Carter School,3349225
30121,Wilma G Rudolph Learning Center,3606717
68030,Winnemac Park Stadium,27490
69333,Wolcott School,2400
24611,Wolfgang A Mozart School,6429773
23631,Woodlawn Community,1936781
52011,World Language High School (at Little Village),3727377
66108,YCCS - ASPIRA Antonia Pantoja Alternative HS,1000
66107,YCCS - Ada S McKinley - Lakeside HS,40063
66614,YCCS - Community Youth Development Institute HS,15856
66617,YCCS - Innovations of Arts Integration HS,32549
66618,YCCS - Jane Addams Alternative HS,31843
66623,YCCS - Sullivan House Alternative HS,16550
66627,YCCS - West Town Academy Alternative HS,39198
66629,YCCS - Youth Connection Leadership Academy HS,28325
69047,Yeshiva Ohr Baruch,47818
69442,Yeshivas Tiferes TZVI,136990
66171,Young Women's Leadership Charter School,3071091
66101,Youth Connection Charter School (YCCS),48356708
22781,Zenos Colman School,16301
Grand Total,nan,5411234428
