"","rcd","schoolname","ncesid","address"
"1","150162990","City of Chicago SD 299","1709930","42 W Madison St 2nd Flr"
"2","150162990","Amundsen High School","170993000587","5110 N Damen Ave"
"3","150162990","Bogan High School","170993000626","3939 W 79th St"
"4","150162990","Carver Military Academy HS","170993000671","13100 S Doty Ave"
"5","150162990","Farragut Career Academy HS","170993000788","2345 S Christiana Ave"
"6","150162990","Fenger Academy High School","170993000792","11220 S Wallace St"
"7","150162990","Foreman High School","170993000799","3235 N Leclaire Ave"
"8","150162990","Back of The Yards IB HS","170993006282","2111 W 47th St"
"9","150162990","Gage Park High School","170993000809","5630 S Rockwell St"
"10","150162990","Harlan Community Academy HS","170993000851","9652 S Michigan Ave"
"11","150162990","Hirsch Metropolitan High School","170993000879","7740 S Ingleside Ave"
"12","150162990","Hubbard High School","170993000889","6200 S Hamlin Ave"
"13","150162990","Hyde Park Academy High School","170993000893","6220 S Stony Island Ave"
"14","150162990","Thomas Kelly College Preparatory","170993000920","4136 S California Ave"
"15","150162990","Kelvyn Park High School","170993000923","4343 W Wrightwood Ave"
"16","150162990","Kennedy High School","170993000924","6325 W 56th St"
"17","150162990","Kenwood Academy High School","170993000925","5015 S Blackstone Ave"
"18","150162990","Lake View High School","170993000941","4015 N Ashland Ave"
"19","150162990","Lane Technical High School","170993000942","2501 W Addison St"
"20","150162990","Marshall Metropolitan High School","170993000972","3250 W Adams St"
"21","150162990","Mather High School","170993000977","5835 N Lincoln Ave"
"22","150162990","Morgan Park High School","170993001002","1744 W Pryor Ave"
"23","150162990","Phillips Academy High School","170993001061","244 E Pershing Rd"
"24","150162990","Roosevelt High School","170993001093","3436 W Wilson Ave"
"25","150162990","Schurz High School","170993001111","3601 N Milwaukee Ave"
"26","150162990","Senn High School","170993001114","5900 N Glenwood Ave"
"27","150162990","King College Prep High School","170993000931","4445 S Drexel Blvd"
"28","150162990","Steinmetz College Prep HS","170993001139","3030 N Mobile Ave"
"29","150162990","Sullivan High School","170993001149","6631 N Bosworth Ave"
"30","150162990","Taft High School","170993001153","6530 W Bryn Mawr Ave"
"31","150162990","Tilden Career Communty Academy HS","170993001161","4747 S Union Ave"
"32","150162990","Von Steuben Metro Science HS","170993001180","5039 N Kimball Ave"
"33","150162990","Lincoln Park High School","170993001185","2001 N Orchard St"
"34","150162990","Washington G High School","170993001189","3535 E 114th St"
"35","150162990","Wells Community Academy HS","170993001192","936 N Ashland Ave"
"36","150162990","Crane Medical Prep HS","170993006260","2245 W Jackson Blvd"
"37","150162990","Disney II Magnet HS","170993006250","3900 N Lawndale Ave"
"38","150162990","Urban Prep Chtr Acad Englewood HS","170993005884","6201 S Stewart Ave"
"39","150162990","IHSCA Charter High School","170993006103","2520 S Western Ave"
"40","150162990","Urban Prep Chtr Acad Bronzeville HS","170993006132","521 E 35th St"
"41","150162990","EPIC Academy High School","170993006088","8255 S Houston Ave"
"42","150162990","Legal Prep Academy Charter HS","170993006241","4319 W Washington Blvd"
"43","150162990","IJLA Charter High School","170993006238","2570 S Blue Island"
"44","150162990","Intrinsic Charter High School","170993006293","4540 W Belmont Ave"
"45","150162990","Noble St Chtr-Pritzker College Prep","170993006452","4131 W Cortland St"
"46","150162990","Noble St Chtr Rauner College Prep","170993006499","1337 W Ohio St"
"47","150162990","Noble St Chtr-Rowe-Clark MS Acad","170993006447","3645 W Chicago Ave"
"48","150162990","Noble St Chtr-Golder College Prep","170993006439","1454 W Superior St"
"49","150162990","Noble St Chtr-Comer College Prep","170993006523","7131 S South Chicago Ave"
"50","150162990","Noble St Chtr-UIC College Prep","170993006515","1231 S Damen Ave"
"51","150162990","Noble St Chtr-Chicago Bulls Prep","170993006440","2040 W Adams St"
"52","150162990","Noble St Chtr-Muchin College Prep","170993006459","1 N State St"
"53","150162990","Noble St Chtr-Johnson College Prep","170993006494","6350 S Stewart Ave"
"54","150162990","Noble St Chtr-Hansberry College Prep - Silver","170993006454","8748 S Aberdeen St"
"55","150162990","Noble St Chtr-DRW Trading College Prep","170993006480","931 S Homan Ave"
"56","150162990","Noble St Chtr-Butler College Prep - Crimson","170993006450","821 E 103rd St"
"57","150162990","Noble St Chtr-Baker Campus","170993006491","2710 E 89th St"
"58","150162990","Noble St Chtr-Noble Campus","170993006470","1010 N Noble St"
"59","150162990","Noble St Chtr-ITW Speer Acad","170993006485","5321 W Grand Ave"
"60","150162990","Noble St Chtr-The Noble Academy","170993006464","1443 N Ogden Ave"
"61","150162990","Noble St Chtr - Mansueto","170993006513","2911 W 47Th St"
"62","150162990","North Lawndale Prep Chtr-Collins","170993006476","1313 S Sacramento Dr"
"63","150162990","Acero Chtr Sch Network- Sor Juana Ines de la Cruz","170993006508","7416 N Ridge Blvd"
"64","150162990","Perspectives Chtr - Joslin Campus","170993006503","1930 S Archer Ave"
"65","150162990","Perspectives Chtr - Leadership Acad","170993006437","8522 S Lafayette Ave"
"66","150162990","Chicago Vocational Career Acad HS","170993000943","2100 E 87th St"
"67","150162990","Perspectives Chtr - High School of Technology","170993006441","8522 S Lafayette Ave"
"68","150162990","Dunbar Vocational Career Acad HS","170993000588","3000 S King Dr"
"69","150162990","Jones College Prep High School","170993000990","700 S State St"
"70","150162990","Prosser Career Academy HS","170993000681","2148 N Long Ave"
"71","150162990","Richards Career Academy HS","170993000718","5009 S Laflin St"
"72","150162990","Simeon Career Academy High School","170993000758","8147 S Vincennes Ave"
"73","150162990","Perspectives Chtr -  IIT Campus","170993006514","3663 S Wabash Ave"
"74","150162990","Corliss High School","170993001072","821 E 103rd St"
"75","150162990","Clemente Community Academy HS","170993001086","1147 N Western Ave"
"76","150162990","YCCS-Scholastic Achievement HS","170993006519","4651 W Madison St"
"77","150162990","YCCS- McKinley-Lakeside Leadership Academy","170993006479","2920 S Wabash Ave"
"78","150162990","YCCS-ASPIRA Pantoja Alt HS","170993006504","3121 N Pulaski Rd"
"79","150162990","YCCS-Association House","170993006496","1116 N Kedzie Ave Fl 4"
"80","150162990","YCCS-Austin Career Ed Cntr HS","170993006511","5352 W Chicago Ave"
"81","150162990","YCCS-CCA Academy HS","170993006463","1231 S Pulaski Rd"
"82","150162990","YCCS-Progressive Leadership Academy","170993006490","6620 S Dr Martin L King Jr Dr"
"83","150162990","Manley Career Academy High School","170993001125","2935 W Polk St"
"84","150162990","Curie Metropolitan High School","170993001198","4959 S Archer Ave"
"85","150162990","YCCS-Community Youth Dev Inst HS","170993006468","7836 S Union Ave"
"86","150162990","YCCS-Albizu Campos Puerto Rican HS","170993006486","2739 W Division St"
"87","150162990","YCCS-Innovations of Arts Integr HS","170993006456","17 N State St"
"88","150162990","YCCS-Jane Addams Alternative HS","170993006501","1814 S Union Ave"
"89","150162990","YCCS-Latino Youth Alternative HS","170993006449","2001 S California Ave"
"90","150162990","YCCS-Olive Harvey Mid College HS","170993006478","10001 S Woodlawn Ave"
"91","150162990","YCCS-Sullivan House Alt HS","170993006460","8164 S South Chicago Ave"
"92","150162990","YCCS-Truman Middle College HS","170993006517","1145 W Wilson Ave"
"93","150162990","YCCS-West Town Academy Alt HS","170993006442","500 N Sacramento Blvd"
"94","150162990","YCCS West","170993006445","4909 W Division St"
"95","150162990","YCCS-Youth Connection Leadership Academy","170993006518","3424 S State St"
"96","150162990","YCCS Chtr - Chatham","170993006458","9035 S Langley Ave"
"97","150162990","ASPIRA Charter - Early College Prep HS","170993006473","3986 W Barry Ave"
"98","150162990","Julian High School","170993000895","10330 S Elizabeth St"
"99","150162990","Young Magnet High School","170993000714","211 S Laflin St"
"100","150162990","Juarez Community Academy HS","170993000722","1450 W Cermak Rd"
"101","150162990","Chicago HS for Agricult Sciences","170993005147","3857 W 111th St"
"102","150162990","Hancock College Preparatory HS","170993001980","4034 W 56th St"
"103","150162990","Brooks College Prep Academy HS","170993002031","250 E 111th St"
"104","150162990","Northside College Preparatory Hs","170993003481","5501 N Kedzie Ave"
"105","150162990","Chicago Military Academy HS","170993003487","3519 S Giles Ave"
"106","150162990","Payton College Preparatory HS","170993003989","1034 N Wells St"
"107","150162990","Aspira Charter - Business and Finance HS","170993006453","2989 N Milwaukee Ave"
"108","150162990","Phoenix Military Academy HS","170993004715","145 S Campbell Ave"
"109","150162990","Spry Community Links High School","170993005677","2400 S Marshall Blvd"
"110","150162990","Chicago Academy High School","170993005061","3400 N Austin Ave"
"111","150162990","Bowen High School","170993005072","2710 E 89th St"
"112","150162990","North-Grand High School","170993005074","4338 W Wabansia Ave"
"113","150162990","Raby High School","170993005075","3545 W Fulton Blvd"
"114","150162990","Clark Acad Prep Magnet High Schl","170993005076","5101 W Harrison St"
"115","150162990","Rickover Naval Academy High Schl","170993005078","5700 W Berteau Ave"
"116","150162990","Uplift Community High School","170993005787","900 W Wilson Ave"
"117","150162990","CICS - Northtown  Campus","170993006500","3900 W Peterson Ave"
"118","150162990","World Language High School","170993005788","3120 S Kostner Ave"
"119","150162990","Douglass Academy High School","170993005789","543 N Waller Ave"
"120","150162990","Devry Advantage Academy High Schl","170993005790","1900 W Lawrence Ave"
"121","150162990","Lindblom Math & Science Acad HS","170993005791","6130 S Wolcott Ave"
"122","150162990","Bronzeville Scholastic HS","170993005792","4934 S Wabash Ave"
"123","150162990","School of Social Justice HS","170993005793","3120 S Kostner Ave"
"124","150162990","Multicultural Arts High School","170993005794","3120 S Kostner Ave"
"125","150162990","Infinity Math  Science & Tech HS","170993005795","3120 S Kostner Ave"
"126","150162990","CICS - Ralph Ellison Campus","170993006461","1817 W 80th St"
"127","150162990","Collins Academy High School","170993005942","1313 S Sacramento Dr"
"128","150162990","Austin College and Career Academy High School","170993005984","231 N Pine Ave"
"129","150162990","Orr Academy High School","170993005983","730 N Pulaski Rd"
"130","150162990","Air Force Acad High School","170993006055","3630 S Wells St"
"131","150162990","Alcott College Prep","170993006072","2957 N Hoyne Ave"
"132","150162990","North Lawndale Prep Chtr - Christiana","170993006489","1615 S Christiana Ave"
"133","150162990","Chicago Technology Academy HS","170993006076","1301 W 14th St"
"134","150162990","Chicago HS for the Arts","170993006058","2714 W Augusta Blvd"
"135","150162990","Ogden Int High School","170993006093","1250 W Erie St"
"136","150162990","Williams Medical Prep High Sch","170993006092","4934 S Wabash Ave"
"137","150162990","Westinghouse High School","170993006083","3223 W Franklin Blvd"
"138","150162990","Solorio Academy High School","170993006138","5400 S St Louis Ave"
"139","150162990","Acero Chtr Sch Network -  Major Hector P Garcia MD Campus","170993006467","4248 W 47th St"
"140","150162990","South Shore Intl Col Prep HS","170993006170","1955 E 75th St"
"141","150162990","Goode STEM Academy HS","170993006223","7651 S Homan Ave"
"142","150162990","Chicago Excel Academy HS","170993006219","1257 W 111th St"
"143","150162990","Walter Henri Dyett High School for the Arts","170993006400","555 E 51st St"
"144","150162990","Englewood STEM High School","170993006725","6835 S Normal Blvd"
"145","150162990","Acero Chtr Sch Network Victoria Soto Campus","170993006483","5025 S St Louis Ave"
"146","150162990","KIPP Academy Chicago Campus","170993006477","4818 W Ohio St"
"147","150162990","KIPP Chicago Charters - Bloom Campus","170993006510","5515 S Lowe Ave"
"148","150162990","Univ of Chicago Chtr-Woodlawn","170993006493","6300 S University Ave"
"149","150162990","LEARN Chtr - Middle School","170993006443","3021 W Carroll Ave"
"150","150162990","ASPIRA Charter - Haugan Campus","170993006516","3729 W Leland Ave"
"151","150162990","Art in Motion Charter School","170993006770","7415 S East End Ave"
"152","150162990","Jackson M Elem School","170993001091","917 W 88th St"
"153","150162990","Green  W Elem School","170993001209","1150 W 96th St"
"154","150162990","Addams Elem School","170993000884","10810 S Avenue H"
"155","150162990","Harriet Tubman Elem School","170993000763","2851 N Seminary Ave"
"156","150162990","Alcott Elem School","170993000804","2625 N Orchard St"
"157","150162990","Aldridge Elem School","170993001168","630 E 131st St"
"158","150162990","Armour Elem School","170993001001","950 W 33rd Pl"
"159","150162990","Armstrong G Elem IntL Studies","170993001181","2110 W Greenleaf Ave"
"160","150162990","Audubon Elem School","170993000581","3500 N Hoyne Ave"
"161","150162990","Avalon Park Elem School","170993000582","8045 S Kenwood Ave"
"162","150162990","Barnard Elem Comp Math & Sci Ctr","170993000585","10354 S Charles St"
"163","150162990","Barry Elem School","170993000586","2828 N Kilbourn Ave"
"164","150162990","Barton Elem School","170993000589","7650 S Wolcott Ave"
"165","150162990","Bass Elem School","170993000590","1140 W 66th St"
"166","150162990","Locke A Elem Charter Academy","170993003564","3141 W Jackson Blvd"
"167","150162990","Bateman Elem School","170993000591","4220 N Richmond St"
"168","150162990","Nicholson Technology Acad Elem Sch","170993000597","6006 S Peoria St"
"169","150162990","Beaubien Elem School","170993000601","5025 N Laramie Ave"
"170","150162990","Beethoven Elem School","170993000602","25 W 47th St"
"171","150162990","Beidler Elem School","170993000603","3151 W Walnut St"
"172","150162990","Belding Elem School","170993000604","4257 N Tripp Ave"
"173","150162990","Bell Elem School","170993000605","3730 N Oakley Ave"
"174","150162990","Bennett Elem School","170993000607","10115 S Prairie Ave"
"175","150162990","Black Magnet Elem School","170993000609","9101 S Euclid Ave"
"176","150162990","Blaine Elem School","170993000610","1420 W Grace St"
"177","150162990","Bond Elem School","170993000611","7050 S May St"
"178","150162990","Boone Elem School","170993000612","6710 N Washtenaw Ave"
"179","150162990","Bradwell Comm Arts & Sci Elem Sch","170993000614","7736 S Burnham Ave"
"180","150162990","Haley Elem Academy","170993000615","11411 S Eggleston Ave"
"181","150162990","Brennemann Elem School","170993000616","4251 N Clarendon Ave"
"182","150162990","Brentano Elem Math & Science Acad","170993000617","2723 N Fairfield Ave"
"183","150162990","Bridge Elem School","170993000618","3800 N New England Ave"
"184","150162990","Bright Elem School","170993000619","10740 S Calhoun Ave"
"185","150162990","Brown  W Elem School","170993000621","54 N Hermitage Ave"
"186","150162990","Brownell Elem School","170993000622","6741 S Michigan Ave"
"187","150162990","Bouchet Elem Math & Science Acad","170993000623","7355 S Jeffery Blvd"
"188","150162990","Budlong Elem School","170993000625","2701 W Foster Ave"
"189","150162990","Burbank Elem School","170993000627","2035 N Mobile Ave"
"190","150162990","Burke Elem School","170993000629","5356 S King Dr"
"191","150162990","Burley Elem School","170993000632","1630 W Barry Ave"
"192","150162990","Burnham Elem Inclusive Academy","170993000633","9928 S Crandon Ave"
"193","150162990","Burnside Elem Scholastic Academy","170993000635","650 E 91st Pl"
"194","150162990","Burr Elem School","170993000636","1621 W Wabansia Ave"
"195","150162990","Burroughs Elem School","170993000637","3542 S Washtenaw Ave"
"196","150162990","Brunson Math & Sci Specialty Elem","170993000638","932 N Central Ave"
"197","150162990","Byrne Elem School","170993000640","5329 S Oak Park Ave"
"198","150162990","Caldwell Elem Acad of Math & Sci","170993000641","8546 S Cregier Ave"
"199","150162990","Cameron Elem School","170993000646","1234 N Monticello Ave"
"200","150162990","Canty Elem School","170993000647","3740 N Panama Ave"
"201","150162990","Carnegie Elem School","170993000648","1414 E 61st Pl"
"202","150162990","Carroll Elem School","170993000652","2929 W 83rd St"
"203","150162990","Carter Elem School","170993000653","5740 S Michigan Ave"
"204","150162990","Cassell Elem School","170993000655","11314 S Spaulding Ave"
"205","150162990","Cather Elem School","170993000656","2908 W Washington Blvd"
"206","150162990","Chalmers Elem Specialty School","170993000657","2745 W Roosevelt Rd"
"207","150162990","Chappell Elem School","170993000658","2135 W Foster Ave"
"208","150162990","Chase Elem School","170993000659","2021 N Point St"
"209","150162990","Clay Elem School","170993000661","13231 S Burley Ave"
"210","150162990","Cleveland Elem School","170993000663","3121 W Byron St"
"211","150162990","Clinton Elem School","170993000664","6110 N Fairfield Ave"
"212","150162990","Clissold Elem School","170993000665","2350 W 110th Pl"
"213","150162990","Coles Elem Language Academy","170993000666","8441 S Yates Blvd"
"214","150162990","Columbus Elem School","170993000669","1003 N Leavitt St"
"215","150162990","Cook Elem School","170993000672","8150 S Bishop St"
"216","150162990","Coonley Elem School","170993000674","4046 N Leavitt St"
"217","150162990","Cooper Elem Dual Language Academy","170993000676","1624 W 19th St"
"218","150162990","Corkery Elem School","170993000677","2510 S Kildare Ave"
"219","150162990","Crown Elem Comm Acd Fine Arts Ctr","170993000678","2128 S Saint Louis Ave"
"220","150162990","Darwin Elem School","170993000679","3116 W Belden Ave"
"221","150162990","Davis N Elem School","170993000687","3014 W 39th Pl"
"222","150162990","Asian Human Services -Passage Chrtr","170993005682","1643 W Bryn Mawr Ave"
"223","150162990","Dawes Elem School","170993000689","3810 W 81st Pl"
"224","150162990","Deneen Elem School","170993000691","7240 S Wabash Ave"
"225","150162990","Dett Elem School","170993000695","2131 W Monroe St"
"226","150162990","Chopin Elem School","170993000697","2450 W Rice St"
"227","150162990","Dever Elem School","170993000698","3436 N Osceola Ave"
"228","150162990","Dewey Elem Academy of Fine Arts","170993000706","5415 S Union Ave"
"229","150162990","Disney Elem Magnet School","170993000709","4140 N Marine Dr"
"230","150162990","Dixon Elem School","170993000710","8306 S Saint Lawrence Ave"
"231","150162990","Dore Elem School","170993000725","7134 W 65Th St"
"232","150162990","Drake Elem School","170993000728","2710 S Dearborn St"
"233","150162990","Drummond Elem School","170993000729","1845 W Cortland St"
"234","150162990","Dubois Elem School","170993000731","330 E 133rd St"
"235","150162990","Dulles Elem School","170993000682","6311 S Calumet Ave"
"236","150162990","Dunne Technology Acad Elem Sch","170993000734","10845 S Union Ave"
"237","150162990","Dvorak Technology Acad Elem Sch","170993000737","3615 W 16th St"
"238","150162990","Chicago Math & Sci Elem Charter","170993005092","7212 N Clark St"
"239","150162990","Earle Elem School","170993000738","2040 W 62nd St"
"240","150162990","Eberhart Elem School","170993000739","3400 W 65th Pl"
"241","150162990","Ebinger Elem School","170993000741","7350 W Pratt Ave"
"242","150162990","Edgebrook Elem School","170993000743","6525 N Hiawatha Ave"
"243","150162990","Edison Elem Regional Gifted Cntr","170993004944","4929 N Sawyer Ave"
"244","150162990","Edwards Elem School","170993000744","4815 S Karlov Ave"
"245","150162990","Ellington Elem School","170993000748","243 N Parkside Ave"
"246","150162990","Namaste Elem Charter School","170993005102","3737 S Paulina St"
"247","150162990","Ericson Elem Scholastic Academy","170993000752","3600 W 5th Ave"
"248","150162990","Esmond Elem School","170993000753","1865 W Montvale Ave"
"249","150162990","Everett Elem School","170993000755","3419 S Bell Ave"
"250","150162990","Evers Elem School","170993000757","9811 S Lowe Ave"
"251","150162990","Falconer Elem School","170993000759","3020 N Lamon Ave"
"252","150162990","Faraday Elem School","170993000762","3250 W Monroe St"
"253","150162990","Farnsworth Elem School","170993000764","5414 N Linder Ave"
"254","150162990","Erie Elem Charter School","170993005797","1405 N Washtenaw Ave"
"255","150162990","Fernwood Elem School","170993000770","10041 S Union Ave"
"256","150162990","Field Elem School","170993000771","7019 N Ashland Blvd"
"257","150162990","Fiske Elem School","170993000773","6020 S Langley Ave"
"258","150162990","Fort Dearborn Elem School","170993000774","9025 S Throop St"
"259","150162990","Franklin Elem Fine Arts Center","170993000777","225 W Evergreen Ave"
"260","150162990","Fuller Elem School","170993000778","4214 S Saint Lawrence Ave"
"261","150162990","Fulton Elem School","170993000780","5300 S Hermitage Ave"
"262","150162990","Funston Elem School","170993000781","2010 N Central Park Ave"
"263","150162990","Gale Elem Community Academy","170993000782","1631 W Jonquil Ter"
"264","150162990","Gallistel Elem Language Academy","170993000783","10347 S Ewing Ave"
"265","150162990","Garvy  J Elem School","170993000784","5225 N Oak Park Ave"
"266","150162990","Gary Elem School","170993000785","3740 W 31st St"
"267","150162990","Legacy Elem Charter School","170993005799","3318 W Ogden Ave"
"268","150162990","Goethe Elem School","170993000794","2236 N Rockwell St"
"269","150162990","Owens Community Academy ES","170993000796","12302 S State St"
"270","150162990","Goudy Technology Academy","170993000797","5120 N Winthrop Ave"
"271","150162990","Graham  A Elem School","170993000800","4436 S Union Ave"
"272","150162990","Gray Elem School","170993000803","3730 N Laramie Ave"
"273","150162990","Greeley Elem School","170993000805","832 W Sheridan Rd"
"274","150162990","Greene N Elem School","170993000806","3525 S Honore St"
"275","150162990","Gregory Math & Sci Elem Academy","170993000807","3715 W Polk St"
"276","150162990","Gresham Elem School","170993000811","8524 S Green St"
"277","150162990","Grimes Elem School","170993000812","5450 W 64th Pl"
"278","150162990","Haines Elem School","170993000815","247 W 23rd Pl"
"279","150162990","Gillespie Elem School","170993000816","9301 S State St"
"280","150162990","Hale Elem School","170993000819","6140 S Melvina Ave"
"281","150162990","Hamilton Elem School","170993000822","1650 W Cornelia Ave"
"282","150162990","Hamline Elem School","170993000823","4747 S Bishop St"
"283","150162990","Hammond Elem School","170993000824","2819 W 21st Pl"
"284","150162990","Bret Harte Elem School","170993000826","1556 E 56th St"
"285","150162990","Harvard Elem School","170993000830","7525 S Harvard Ave"
"286","150162990","Haugan Elem School","170993000831","4540 N Hamlin Ave"
"287","150162990","Hawthorne Elem Scholastic Academy","170993000832","3319 N Clifton Ave"
"288","150162990","Providence-Englewood Elem Charter","170993005885","6515 S Ashland Ave"
"289","150162990","Hayt Elem School","170993000834","1518 W Granville Ave"
"290","150162990","Healy Elem School","170993000835","3010 S Parnell Ave"
"291","150162990","Hearst Elem School","170993000836","4640 S Lamon Ave"
"292","150162990","Hedges Elem School","170993000837","4747 S Winchester Ave"
"293","150162990","Hefferan Elem School","170993000840","4409 W Wilcox St"
"294","150162990","Henderson Elem School","170993000842","5650 S Wolcott Ave"
"295","150162990","Hendricks Elem Community Academy","170993000817","4316 S Princeton Ave"
"296","150162990","Henry Elem School","170993000844","4250 N Saint Louis Ave"
"297","150162990","Herzl Elem School","170993000847","3711 W Douglas Blvd"
"298","150162990","Hibbard Elem School","170993000854","3244 W Ainslie St"
"299","150162990","Higgins Elem Community Academy","170993000855","11710 S Morgan St"
"300","150162990","King Academy of Social Justice","170993000856","644 W 71st St"
"301","150162990","Hitch Elem School","170993000857","5625 N McVicker Ave"
"302","150162990","Holden Elem School","170993000858","1104 W 31st St"
"303","150162990","Polaris Elem Charter Academy","170993005919","620 N Sawyer Ave"
"304","150162990","Holmes Elem School","170993000861","955 W Garfield Blvd"
"305","150162990","Howe Elem School","170993000862","720 N Lorel Ave"
"306","150162990","Hoyne Elem School","170993000864","8905 S Crandon Ave"
"307","150162990","Hughes  C Elem School","170993000865","4247 W 15th St"
"308","150162990","Hurley Elem School","170993000866","3849 W 69th Pl"
"309","150162990","Irving Elem School","170993000867","749 S Oakley Blvd"
"310","150162990","Chicago World Language Academy","170993000868","1340 W Harrison St"
"311","150162990","Jahn Elem School","170993000869","3149 N Wolcott Ave"
"312","150162990","Jamieson Elem School","170993000870","5650 N Mozart St"
"313","150162990","Jensen Elem Scholastic Academy","170993000875","3030 W Harrison St"
"314","150162990","Pilsen Elem Community Academy","170993000878","1420 W 17th St"
"315","150162990","Catalyst Charter-Circle Rock ES","170993005935","5608 W Washington Blvd"
"316","150162990","Johnson Elem School","170993000880","1420 S Albany Ave"
"317","150162990","Jungman Elem School","170993000881","1746 S Miller St"
"318","150162990","Kellogg Elem School","170993000882","9241 S Leavitt St"
"319","150162990","Kershaw Elem School","170993000883","6450 S Lowe Ave"
"320","150162990","Kilmer Elem School","170993000886","6700 N Greenview Ave"
"321","150162990","Kinzie Elem School","170993000890","5625 S Mobile Ave"
"322","150162990","Academy for Global Citizenship","170993006035","4647 W 47th St"
"323","150162990","Kipling Elem School","170993000892","9351 S Lowe Ave"
"324","150162990","Lozano Elem Bilingual & Intl Ctr","170993000901","1501 N Greenview Ave"
"325","150162990","Kozminski Elem Community Academy","170993000903","936 E 54th St"
"326","150162990","LaSalle Elem Language Academy","170993000905","1734 N Orleans St"
"327","150162990","Lawndale Elem Community Academy","170993000907","3500 W Douglas Blvd"
"328","150162990","Rowe Elementary","170993006142","1424 N Cleaver St"
"329","150162990","Lewis Elem School","170993000911","1431 N Leamington Ave"
"330","150162990","Libby Elem School","170993000916","5300 S Loomis Blvd"
"331","150162990","Lincoln Elem School","170993000918","615 W Kemper Pl"
"332","150162990","Linne Elem School","170993000919","3221 N Sacramento Ave"
"333","150162990","Lloyd Elem School","170993000926","2103 N Lamon Ave"
"334","150162990","Locke  J Elem School","170993000927","2828 N Oak Park Ave"
"335","150162990","Lovett Elem School","170993000929","6333 W Bloomingdale Ave"
"336","150162990","Lowell Elem School","170993000930","3320 W Hirsch St"
"337","150162990","Lyon Elem School","170993000934","2941 N McVicker Ave"
"338","150162990","Madison Elem School","170993000935","7433 S Dorchester Ave"
"339","150162990","Manierre Elem School","170993000936","1420 N Hudson Ave"
"340","150162990","Mann Elem School","170993000937","8050 S Chappel Ave"
"341","150162990","Catalyst Charter - Maria ES","170993006243","6727 S California Ave"
"342","150162990","Marquette Elem School","170993000940","6550 S Richmond St"
"343","150162990","Marsh Elem School","170993000939","9822 S Exchange Ave"
"344","150162990","Mason Elem School","170993000944","4217 W 18th St"
"345","150162990","Mayer Elem School","170993000950","2250 N Clifton Ave"
"346","150162990","McClellan Elem School","170993000952","3527 S Wallace St"
"347","150162990","Montessori of Englewood Chtr ES","170993006221","6936 S Hermitage Ave"
"348","150162990","McCormick Elem School","170993000955","2712 S Sawyer Ave"
"349","150162990","McCutcheon Elem School","170993000956","4865 N Sheridan Rd"
"350","150162990","McDade Elem Classical School","170993000957","8801 S Indiana Ave"
"351","150162990","McKay Elem School","170993000958","6901 S Fairfield Ave"
"352","150162990","McPherson Elem School","170993000959","4728 N Wolcott Ave"
"353","150162990","Melody Elem School","170993000963","3937 W Wilcox St"
"354","150162990","Mitchell Elem School","170993000965","2233 W Ohio St"
"355","150162990","Mollison Elem School","170993000966","4415 S Dr Martin L King Jr Dr"
"356","150162990","Monroe Elem School","170993000968","3651 W Schubert Ave"
"357","150162990","Moos Elem School","170993000969","1711 N California Ave"
"358","150162990","Morrill Elem Math & Sci School","170993000970","6011 S Rockwell St"
"359","150162990","Inter-American Elem Magnet School","170993000971","851 W Waveland Ave"
"360","150162990","Christopher House Chrt ES","170993006311","5235 W Belden St"
"361","150162990","Mount Greenwood Elem School","170993000974","10841 S Homan Ave"
"362","150162990","Mount Vernon Elem School","170993000978","10540 S Morgan St"
"363","150162990","Mozart Elem School","170993000979","2200 N Hamlin Ave"
"364","150162990","Murphy Elem School","170993000983","3539 W Grace St"
"365","150162990","Murray Elem Language Academy","170993000984","5335 S Kenwood Ave"
"366","150162990","Brown R Elem Community Acad","170993000981","12607 S Union Ave"
"367","150162990","Nash Elem School","170993000985","4837 W Erie St"
"368","150162990","Neil Elem School","170993000987","8555 S Michigan Ave"
"369","150162990","Chicago Collegiate Charter School","170993006285","11816 S Indiana Ave"
"370","150162990","Nettelhorst Elem School","170993000988","3252 N Broadway St"
"371","150162990","Newberry Elem Math & Science Acad","170993000991","700 W Willow St"
"372","150162990","Carver Primary School","170993000993","901 E 133rd Pl"
"373","150162990","Nightingale Elem School","170993000992","5250 S Rockwell St"
"374","150162990","Nixon Elem School","170993000994","2121 N Keeler Ave"
"375","150162990","Nobel Elem School","170993000996","4127 W Hirsch St"
"376","150162990","Norwood Park Elem School","170993000997","5900 N Nina Ave"
"377","150162990","Ogden Elem School","170993001003","24 W Walton St"
"378","150162990","Oglesby Elem School","170993001004","7646 S Green St"
"379","150162990","OKeeffe Elem School","170993001005","6940 S Merrill Ave"
"380","150162990","Onahan Elem School","170993001009","6634 W Raven St"
"381","150162990","Oriole Park Elem School","170993001010","5424 N Oketo Ave"
"382","150162990","Piccolo Elem Specialty School","170993001011","1040 N Keeler Ave"
"383","150162990","Otis Elem School","170993001012","525 N Armour St"
"384","150162990","OToole Elem School","170993001013","6550 S Seeley Ave"
"385","150162990","Owen Elem Scholastic Academy","170993001015","8247 S Christiana Ave"
"386","150162990","Palmer Elem School","170993001017","5051 N Kenneth Ave"
"387","150162990","Parker Elem Community Academy","170993001019","6800 S Stewart Ave"
"388","150162990","Park Manor Elem School","170993001021","7037 S Rhodes Ave"
"389","150162990","Parkside Elem Community Academy","170993001022","6938 S East End Ave"
"390","150162990","Pasteur Elem School","170993001023","5825 S Kostner Ave"
"391","150162990","Peck Elem School","170993001025","3826 W 58th St"
"392","150162990","Peirce Elem Intl Studies School","170993001027","1423 W Bryn Mawr Ave"
"393","150162990","Penn Elem School","170993001028","1616 S Avers Ave"
"394","150162990","Washington  H Elem School","170993001031","9130 S University Ave"
"395","150162990","Pershing Elem Humanities Magnet","170993001032","3200 S Calumet Ave"
"396","150162990","Peterson Elem School","170993001033","5510 N Christiana Ave"
"397","150162990","Pickard Elem School","170993001034","2301 W 21st Pl"
"398","150162990","Pirie Elem Fine Arts & Academic C","170993001036","650 E 85th St"
"399","150162990","Plamondon Elem School","170993001037","2642 W 15th Pl"
"400","150162990","Portage Park Elem School","170993001039","5330 W Berteau Ave"
"401","150162990","Horizon Sci Academy - Southwest Charter","170993006331","5401 S Western Ave"
"402","150162990","Prescott Elem School","170993001040","1632 W Wrightwood Ave"
"403","150162990","Prussing Elem School","170993001043","4650 N Menard Ave"
"404","150162990","Pulaski Intl Sch of Chicago","170993001045","2230 W McLean Ave"
"405","150162990","Pullman Elem School","170993001046","11311 S Forrestville Ave"
"406","150162990","Ravenswood Elem School","170993001050","4332 N Paulina St"
"407","150162990","Ray Elem School","170993001047","5631 S Kimbark Ave"
"408","150162990","Reavis Elem Math & Sci Spec Schl","170993001052","834 E 50th St"
"409","150162990","Great Lakes Academy Charter ES","170993006328","8401 S Saginaw Ave"
"410","150162990","Reilly Elem School","170993001054","3650 W School St"
"411","150162990","Reinberg Elem School","170993001055","3425 N Major Ave"
"412","150162990","Revere Elem School","170993001056","1010 E 72nd St"
"413","150162990","Rogers Elem School","170993001059","7345 N Washtenaw Ave"
"414","150162990","Ruggles Elem School","170993001064","7831 S Prairie Ave"
"415","150162990","Ryder Elem Math & Sci Spec School","170993001065","8716 S Wallace St"
"416","150162990","Sauganash Elem School","170993001067","6040 N Kilpatrick Ave"
"417","150162990","Sawyer Elem School","170993001068","5248 S Sawyer Ave"
"418","150162990","Sayre Elem Language Academy","170993001070","1850 N Newland Ave"
"419","150162990","Ashe Elem School","170993001071","8505 S Ingleside Ave"
"420","150162990","Scammon Elem School","170993001073","4201 W Henderson St"
"421","150162990","Schmid Elem School","170993001077","9755 S Greenwood Ave"
"422","150162990","Schubert Elem School","170993001079","2727 N Long Ave"
"423","150162990","Seward Elem Communication Arts Ac","170993001080","4600 S Hermitage Ave"
"424","150162990","Moving Everest Charter School","170993006380","416 N Laramie Ave"
"425","150162990","Sheridan Elem Math & Science Acad","170993001083","533 W 27th St"
"426","150162990","Mireles Elem Academy","170993001084","9000 S Exchange Ave"
"427","150162990","Sherman Elem School","170993001085","1000 W 52nd St"
"428","150162990","Sherwood Elem School","170993001087","245 W 57th St"
"429","150162990","Shields Elem School","170993001092","4250 S Rockwell St"
"430","150162990","Shoesmith Elem School","170993001094","1330 E 50th St"
"431","150162990","Shoop Math-Sci Tech Elem Academy","170993001095","11140 S Bishop St"
"432","150162990","Skinner Elem School","170993001096","111 S Throop St"
"433","150162990","Smyser Elem School","170993001097","4310 N Melvina Ave"
"434","150162990","KIPP Chicago Charter School - KIPP One Academy","170993006520","730 N Pulaski Rd"
"435","150162990","Smyth  J Elem School","170993001098","1059 W 13th St"
"436","150162990","Solomon Elem School","170993001100","6206 N Hamlin Ave"
"437","150162990","Spencer Technology Acad Elem Sch","170993001101","214 N Lavergne Ave"
"438","150162990","Stagg Elem School","170993001102","7424 S Morgan St"
"439","150162990","Stevenson Elem School","170993001103","8010 S Kostner Ave"
"440","150162990","Stone Elem Scholastic Academy","170993001105","6239 N Leavitt St"
"441","150162990","Spry Elem Community School","170993001106","2400 S Marshall Blvd"
"442","150162990","CICS - Bucktown Campus","170993006446","2235 N Hamilton Ave"
"443","150162990","Stowe Elem School","170993001109","3444 W Wabansia Ave"
"444","150162990","Sullivan Elem School","170993001116","8331 S Mackinaw Ave"
"445","150162990","Sumner Elem Math & Sci Comm Acad","170993001117","4320 W 5th Ave"
"446","150162990","Sutherland Elem School","170993001118","10015 S Leavitt St"
"447","150162990","Swift Elem Specialty School","170993001119","5900 N Winthrop Ave"
"448","150162990","Talcott Elem School","170993000964","1840 W Ohio St"
"449","150162990","Tanner Elem School","170993001044","7350 S Evans Ave"
"450","150162990","CICS - Longwood Campus","170993006438","1309 W 95th St"
"451","150162990","Taylor Elem School","170993001120","9912 S Avenue H"
"452","150162990","Thorp  J N Elem School","170993001122","8914 S Buffalo Ave"
"453","150162990","Thorp  O A Elem Scholastic Acad","170993001123","6024 W Warwick Ave"
"454","150162990","Tilton Elem School","170993001124","223 N Keeler Ave"
"455","150162990","Tonti Elem School","170993001127","5815 S Homan Ave"
"456","150162990","CICS - Prairie Campus","170993006498","11530 S Prairie Ave"
"457","150162990","Twain Elem School","170993001130","5134 S Lotus Ave"
"458","150162990","Vanderpoel Elem Magnet School","170993001131","9510 S Prospect Ave"
"459","150162990","Lavizzo Elem School","170993001135","138 W 109th St"
"460","150162990","Volta Elem School","170993001138","4950 N Avers Ave"
"461","150162990","Wacker Elem School","170993001141","9746 S Morgan St"
"462","150162990","Wadsworth Elem School","170993001144","6650 S Ellis Ave"
"463","150162990","CICS - Washington Pk Campus","170993006512","110 E 61st St"
"464","150162990","Walsh Elem School","170993001136","2015 S Peoria St"
"465","150162990","Ward  J Elem School","170993001143","2701 S Shields Ave"
"466","150162990","Warren Elem School","170993001166","9239 S Jeffery Ave"
"467","150162990","Washington  G Elem School","170993001145","3611 E 114th St"
"468","150162990","Waters Elem School","170993001147","4540 N Campbell Ave"
"469","150162990","Webster Elem School","170993001148","4055 W Arthington St"
"470","150162990","Wentworth Elem School","170993001150","1340 W 71st St"
"471","150162990","Westcott Elem School","170993001151","409 W 80th St"
"472","150162990","Pritzker Elem School","170993001154","2009 W Schiller St"
"473","150162990","Whistler Elem School","170993001155","11533 S Ada St"
"474","150162990","Whitney Elem School","170993001157","2815 S Komensky Ave"
"475","150162990","Whittier Elem School","170993001159","1900 W 23rd St"
"476","150162990","Wildwood Elem School","170993000898","6950 N Hiawatha Ave"
"477","150162990","CICS - West Belden Campus","170993006475","2245 N McVicker Ave"
"478","150162990","Woodson South Elem School","170993001163","4414 S Evans Ave"
"479","150162990","Young Elem School","170993001171","1434 N Parkside Ave"
"480","150162990","CICS - Avalon/South Shore","170993006507","1501 E 83rd Pl"
"481","150162990","Yates Elem School","170993001176","1839 N Richmond St"
"482","150162990","CICS - Irving Park Campus","170993006462","3820 N Spaulding Ave"
"483","150162990","CICS - Loomis Primary Campus","170993006487","9535 S Loomis St"
"484","150162990","Univ of Chicago Chtr-Nth Kenwood","170993006466","1119 E 46th St"
"485","150162990","Hernandez Middle School","170993006091","3510 W 55th St"
"486","150162990","Acero Chtr Sch Network - Octavio Paz Campus","170993006482","2651 W 23rd St"
"487","150162990","Dirksen Elem School","170993001174","8601 W Foster Ave"
"488","150162990","Depriest Elem School","170993001177","139 S Parkside Ave"
"489","150162990","Acero Chtr Sch Network - Rufino Tamayo Campus","170993006455","5135 S California Ave"
"490","150162990","Cuffe Math-Sci Tech Elem Academy","170993001183","8324 S Racine Ave"
"491","150162990","Foster Park Elem School","170993001186","8530 S Wood St"
"492","150162990","Acero Chtr Sch Network - Carlos Fuentes Campus","170993006481","2845 W Barry Ave"
"493","150162990","Hughes L Elem School","170993000899","240 W 104th St"
"494","150162990","Grissom Elem School","170993000808","12810 S Escanaba Ave"
"495","150162990","Acero Chtr Sch Network - Bartolome de las Casas","170993006448","1641 W 16th St"
"496","150162990","McNair Elem School","170993001191","4820 W Walton St"
"497","150162990","Hay Elem Community Academy","170993001193","1018 N Laramie Ave"
"498","150162990","Cullen Elem School","170993001194","10650 S Eberhart Ave"
"499","150162990","Acero Chtr Sch Network - Officer Donald J Marquez Campus","170993006497","2916 W 47th St"
"500","150162990","Acero Chtr Sch Network - SPC Daniel Zizumbo Campus","170993006444","4248 W 47th St"
"501","150162990","Acero Chtr Sch Network- Sandra Cisneros Campus","170993006436","2744 W Pershing Rd"
"502","150162990","Acero Chtr Sch Network - Esmeralda Santiago Campus","170993006521","2510 W Cortez St"
"503","150162990","Acero Chtr Sch Newtwork - Roberto Clemente Campus","170993006524","2050 N Natchez Ave"
"504","150162990","Clark  G R Elem School","170993001210","1045 S Monitor Ave"
"505","150162990","Lee Elem School","170993001214","6448 S Tripp Ave"
"506","150162990","Langford A Elem School","170993001217","6010 S Throop St"
"507","150162990","Salazar Elem Bilingual Center","170993001215","160 W Wendell St"
"508","150162990","Acero Chtr Sch Network - Brighton Park Campus","170993006474","4420 S Fairfield Ave"
"509","150162990","Leland Elem School","170993000730","512 S Lavergne Ave"
"510","150162990","Robinson Elem School","170993000694","4225 S Lake Park Ave"
"511","150162990","Hanson Park Elem School","170993000720","5411 W Fullerton Ave"
"512","150162990","White Elem Career Academy","170993000801","1136 W 122nd St"
"513","150162990","LEARN Charter Excel Campus","170993006457","3021 W Carroll Ave"
"514","150162990","McDowell Elem School","170993000839","1419 E 89th St"
"515","150162990","Keller Elem Gifted Magnet School","170993000860","3020 W 108th St"
"516","150162990","LEARN Chtr-Campbell Campus","170993006502","212 S Francisco Ave"
"517","150162990","Earhart Elem Opt for Knowl School","170993000859","1710 E 93rd St"
"518","150162990","LEARN Chtr - South Chicago Campus","170993006451","8914 S Buffalo Ave"
"519","150162990","LEARN Chtr -  Hunter Perkins Campus","170993006492","1700 W 83rd St"
"520","150162990","Till Elem Math & Science Academy","170993001165","6543 S Champlain Ave"
"521","150162990","Ward  L Elem School","170993001212","646 N Lawndale Ave"
"522","150162990","Smith  W Elem School","170993000928","744 E 103rd St"
"523","150162990","LEARN Chtr - 7th Campus","170993006469","3021 W Carroll Ave"
"524","150162990","Garvey  M Elem School","170993000712","10309 S Morgan St"
"525","150162990","Joplin Elem School","170993001156","7931 S Honore St"
"526","150162990","CICS - Basil Campus","170993006488","1816 W Garfield Blvd"
"527","150162990","Cardenas Elem School","170993001099","2345 S Millard Ave"
"528","150162990","Powell Elem Paideia Comm Academy","170993001213","7511 S South Shore Dr"
"529","150162990","CICS - Wrightwood","170993006465","8130 S California Ave"
"530","150162990","Curtis Elem School","170993000650","32 E 115th St"
"531","150162990","Beasley Elem Magnet Academic Ctr","170993000668","5255 S State St"
"532","150162990","Mays Elem Academy","170993000651","6656 S Normal Blvd"
"533","150162990","Metcalfe Elem Community Academy","170993000675","12339 S Normal Ave"
"534","150162990","Decatur Classical Elem School","170993000692","7030 N Sacramento Ave"
"535","150162990","Kanoon Elem Magnet School","170993000787","2233 S Kedzie Ave"
"536","150162990","Randolph Elem School","170993000769","7316 S Hoyne Ave"
"537","150162990","Poe Elem Classical School","170993000888","10538 S Langley Ave"
"538","150162990","CICS - Bond Campus","170993006484","13300 S Langley Ave"
"539","150162990","Gunsaulus Elem Scholastic Academy","170993000745","4420 S Sacramento Ave"
"540","150162990","Univ of Chicago Chtr-Donoghue","170993006495","707 E 37th St"
"541","150162990","Ninos Heroes Elem Academic Ctr","170993001128","8344 S Commercial Ave"
"542","150162990","De Diego Elem Community Academy","170993000643","1313 N Claremont Ave"
"543","150162990","Turner-Drew Elem Language Academy","170993000628","9300 S Princeton Ave"
"544","150162990","Sabin Elem Magnet School","170993004916","2216 W Hirsch St"
"545","150162990","Saucedo Elem Scholastic Academy","170993004917","2850 W 24th Blvd"
"546","150162990","KIPP Chicago Charters - Ascend Academy","170993006509","1616 S Avers Ave"
"547","150162990","Daley Elem Academy","170993004913","5024 S Wolcott Ave"
"548","150162990","Madero Middle School","170993004915","3202 W 28th St"
"549","150162990","LEARN Chtr - Butler","170993006471","1132 S Homan Ave"
"550","150162990","Orozco Elem Fine Arts & Sciences","170993004954","1940 W 18th St"
"551","150162990","Morton Elem Career Academy","170993004956","431 N Troy St"
"552","150162990","Acero Chtr Sch Network  - Jovita Idar","170993006505","5050 S Homan Ave"
"553","150162990","Albany Park Multicultural Elem","170993004962","4929 N Sawyer Ave"
"554","150162990","South Loop Elem School","170993005268","1212 S Plymouth Ct"
"555","150162990","Lenart Elem Regional Gifted Ctr","170993005269","8101 S La Salle St"
"556","150162990","Acero Chtr Sch Network - PFC Omar E Torres Campus","170993006522","4248 W 47th St"
"557","150162990","Casals Elem School","170993005303","3501 W Potomac Ave"
"558","150162990","Perez Elem School","170993005410","1241 W 19th St"
"559","150162990","Ruiz Elem School","170993005413","2410 S Leavitt St"
"560","150162990","Brighton Park Elem School","170993005486","3825 S Washtenaw Ave"
"561","150162990","Evergreen Academy Elem School","170993005489","3537 S Paulina St"
"562","150162990","Carson Elem School","170993005546","5516 S Maplewood Ave"
"563","150162990","McAuliffe Elem School","170993005547","1841 N Springfield Ave"
"564","150162990","Galileo Elem Math & Sci Schol Acd","170993005548","820 S Carpenter St"
"565","150162990","Avondale - Logandale Elementary School","170993000048","3212 W George St"
"566","150162990","Chavez Elem Multicultural Acad Ct","170993000411","4747 S Marshfield Ave"
"567","150162990","Jordan Elem Community School","170993000441","7414 N Wolcott Ave"
"568","150162990","Kellman Corporate Community Elem","170993000760","3030 W Arthington St"
"569","150162990","Finkl Elem School","170993001351","2332 S Western Ave"
"570","150162990","Ariel Elem Community Academy","170993001607","1119 E 46th St"
"571","150162990","Little Village Elem School","170993001608","2620 S Lawndale Ave"
"572","150162990","Zapata Elem Academy","170993001609","2728 S Kostner Ave"
"573","150162990","Ortiz De Dominguez Elem School","170993001610","3000 S Lawndale Ave"
"574","150162990","Lara Elem Academy","170993001612","4619 S Wolcott Ave"
"575","150162990","Telpochcalli Elem School","170993001613","2832 W 24th Blvd"
"576","150162990","Wells Preparatory Elem Academy","170993001614","249 E 37th St"
"577","150162990","Woodlawn Elem Community School","170993001615","6657 S Kimbark Ave"
"578","150162990","Christopher Elem School","170993004376","5042 S Artesian Ave"
"579","150162990","West Park Elem Academy","170993002042","1425 N Tripp Ave"
"580","150162990","Marine Leadership Academy - Ames","170993002618","1920 N Hamlin Ave"
"581","150162990","Fairfield Elem Academy","170993002631","6201 S Fairfield Ave"
"582","150162990","Sandoval Elem School","170993003566","5534 S Saint Louis Ave"
"583","150162990","Northwest Middle School","170993003567","5252 W Palmer St"
"584","150162990","Hampton Elem Fine & Perf Arts Sch","170993003995","3434 W 77th St"
"585","150162990","Colemon J Elem Academy","170993004016","1441 W 119th St"
"586","150162990","Columbia Explorers Elem Academy","170993004277","4520 S Kedzie Ave"
"587","150162990","Chicago Academy Elem School","170993004286","3400 N Austin Ave"
"588","150162990","Courtenay Elem Language Arts Ctr","170993000914","4420 N Beacon St"
"589","150162990","Ashburn Community Elem School","170993004718","8300 S Saint Louis Ave"
"590","150162990","Belmont-Cragin Elem School","170993004720","5252 W Palmer St"
"591","150162990","National Teachers Elem Academy","170993004722","55 W Cermak Rd"
"592","150162990","Talman Elem School","170993004726","5450 S Talman Ave"
"593","150162990","New Field Elem School","170993005687","1707 W Morse Ave"
"594","150162990","Durkin Park Elem School","170993005690","8445 S Kolin Ave"
"595","150162990","Calmeca Acad Elem School","170993005691","3456 W 38th St"
"596","150162990","North River Elem School","170993005692","4416 N Troy St"
"597","150162990","Claremont Academy Elem School","170993005109","2300 W 64th St"
"598","150162990","James R Doolittle Academy","170993005167","535 E 35th St"
"599","150162990","Suder Montessori Elem Magnet Schl","170993005801","2022 W Washington Blvd"
"600","150162990","Tarkington Elem School","170993005803","3330 W 71st St"
"601","150162990","Frazier Perspectives Magnet ES","170993005930","4027 W Grenshaw St"
"602","150162990","Disney II Elem School","170993006036","3815 N Kedvale Ave"
"603","150162990","Plato Learning Acad  Elem School","170993005980","5545 W Harrison St"
"604","150162990","Edison Park Elem School","170993005985","6220 N Olcott Ave"
"605","150162990","Davis M Magnet Elem School","170993006006","6740 S Paulina St"
"606","150162990","LaSalle II Lang Acad Elem Sch","170993005979","1148 N Honore St"
"607","150162990","Prieto Math-Science Elem Sch","170993006067","2231 N Central Ave"
"608","150162990","Skinner North Elem Sch","170993006081","640 W Scott St"
"609","150162990","South Shore Fine Arts Elem Sch","170993006099","1415 E 70th St"
"610","150162990","Hope Learning Academy","170993006102","1628 W Washington Blvd"
"611","150162990","Camras Elem School","170993006149","3000 N Mango Ave"
"612","150162990","Garcia Lorca Elem School","170993006139","3231 N Springfield Ave"
"613","150162990","West Ridge Elem School","170993006108","6700 N Whipple St"
"614","150162990","Azuela Elem School","170993006131","4707 W Marquette Rd"
"615","150162990","STEM Magnet Academy Elem","170993006173","1522 W Fillmore St"
"616","150162990","Shields Middle School","170993006207","2611 W 48th St"
"617","150162990","Sadlowski Elementary School","170993006399","3930 E 105th St"
"618","150162990","Richardson Middle School","170993006398","6018 S Karlov Ave"
"619","150162990","Sor Juana Ines de la Cruz","170993006603","4120 W 57th St"
"620","150162990","Bronzeville Classical Elementary School","170993006590","8 W Root St"
"621","150162990","Cook Co Juvenile Detention Ctr - Jefferson Alt HS","170993000894","1100 S Hamilton Ave"
"622","150162990","Cook Co Juvenile Detention Ctr - York Alternative HS","170993000693","2700 S California Ave"
"623","150162990","Graham  R Training Center","170993001076","2347 S Wabash Ave"
"624","150162990","Simpson Acad HS for Young Women","170993004383","1321 S Paulina St"
"625","150162990","Rudolph Elem Learning Center","170993004382","1628 W Washington Blvd"
"626","150162990","Northside Learning Center","170993000999","3730 W Bryn Mawr Ave"
"627","150162990","Vaughn Occupational High School","170993001018","4355 N Linder Ave"
"628","150162990","Beard Elem School","170993004965","6445 W Strong St"
"629","150162990","Blair Early Childhood Center","170993004966","6751 W 63rd Pl"
"630","150162990","Stock Early Childhood Center","170993005151","7507 W Birchwood Ave"
"631","150162990","Southside Occupational Acad HS","170993005305","7342 S Hoyne Ave"
"632","150162990","Camelot Safe Academy School","170993006297","7877 S Coles Ave"
"633","150162990","Vick Early Childhood & Family Ctr","170993003570","2554 W 113th St"
"634","150162990","Peace and Education Coalition HS","170993002596","4946 S Paulina St"
"635","150162990","Thomas Early Childhood Center","170993005886","3625 S Hoyne Ave"
"636","150162990","Excel Academy - Englewood HS","170993006249","7141 S Morgan St"
"637","150162990","Little Black Pearl Arts Acad HS","170993006257","1060 E 47th St"
"638","150162990","Excel Academy - Woodlawn HS","170993006346","7530 S South Shore Dr"
"639","150162990","Excel Academy - Southwest HS","170993006341","7050 S Washtenaw Ave"
"640","150162990","Ombudsman Chicago Northwest","170993006591","7500 N Harlem Ave"
"641","150162990","Ombudsman Chicago South","170993006602","6057 S Western Ave"
"642","150162990","Ombudsman Chicago West","170993006589","2401 W Congress Pkwy"
"643","150162990","Pathways in Education Ashburn","170993006604","3284 W 87Th St"
"644","150162990","Pathways in Education Avondale","170993006599","3100 W Belmont Ave"
"645","150162990","Pathways in Education Brighton Park","170993006587","3124 W 47Th St"
"646","150162990","Ombudsman Chicago - Roseland HS","170993006726","10928 S Halsted St"
"647","150162990","Pathways in Education - Humboldt Park HS","170993006734","2421 W Division St"
"648","150169000","Horizon Science Acad-McKinley Park Charter Sch","1701410","2245 W Pershing Rd"
"649","150169000","Horizon Science Acad-McKinley Park Charter Sch","170141006254","2245 W Pershing Rd"
"650","150169010","Horizon Science Acad-Belmont Charter Sch","1701412","2456 N Mango Ave"
"651","150169010","Horizon Science Acad-Belmont Charter Sch","170141206309","2456 N Mango Ave"
"652","150169020","ACE Amandla Charter School","1701426","6820 S Washtenaw Ave"
"653","150169020","ACE Amandla Charter School","170142606424","6820 S Washtenaw Ave"
"654","150169030","Bronzeville Academy Chtr School","1701431","4930 S Cottage Grove Ave"
"655","150169030","Bronzeville Academy Charter School","170143106434","4930 S Cottage Grove Ave"
"656","150169040","Betty Shabazz  International Charter School","1701424","7823 S Ellis Ave"
"657","150169040","Betty  Shabazz International Charter School","170142406394","7823 S Ellis Ave"
"658","150169040","Barbara A Sizemore Campus","170142406396","6547 S Stewart Ave"
"659","150169050","Intrinsic 2 Charter High School","1701438","79 W Monroe St Ste 400"
"660","150169050","Intrinsic 2 Charter High School","170143806763","79 W Monroe St Ste 400"
"661","150169060","Urban Prep West Charter School","1701436","425 S Wabash Ave"
"662","150169060","Urban Prep West Charter School","170143606756","425 S Wabash Ave"
