Unit,Unit Name,FY 2016 Ending Budget,FY 2017 Ending Budget,FY 2018 Proposed Budget,Budget ,FY 2016 Budgeted Positions,FY 2017 Budgeted Positions,FY 2018 Approved Positions,Positions ,
25871,A N Pritzker School,"5,626,698","5,738,865","5,491,306","-247,559",55.5,59,56,-3,5
29111,A Philip Randolph Magnet School,"4,560,578","4,574,495","4,519,426","-55,069",43,43.5,44,0.5,5
66255,ASPIRA Business and Finance,"2,108,500","4,187,939","5,833,258","1,645,319",0,2,3,1,5
66254,ASPIRA Charter - Early College Campus,"5,430,370","5,379,558","5,483,606","104,048",2,2,2,0,5
66251,ASPIRA Charter- Mirta Ramirez Computer Science HS,"5,652",0,0,0,0,0,0,0,5
66351,ASPIRA Charter-Haugan Middle School Campus,"5,265,501","5,181,401","5,944,408","763,007",5,6,5,-1,5
11116,AUSL Program Support,"10,261,926","7,593,388","6,438,900","-1,154,489",32.8,29.9,22.2,-7.7,5
24191,Abraham Lincoln Elementary School,"5,784,287","6,063,949","5,703,058","-360,891",56.5,58,57.5,-0.5,5
63011,Academy for Global Citizenship,"4,605,055","4,544,746","5,086,673","541,927",6,6,6,0,5
66031,Academy of Communications & Technology (ACT) Charter School,"3,115,624","2,975,683","3,383,821","408,139",2,2,2,0,5
69362,Academy of Sacred Heart/Hardey Prep,"3,685","10,925",0,"-10,925",0,0,0,0,5
69257,Academy of St. Benedict the African Laflin,"588,277","301,596",0,"-301,596",0,0,0,0,5
11201,Access and Enrollment,"3,177,246","3,070,846","3,617,789","546,943",13,10,16,6,5
16050,Accountability,"10,295,885","163,335",2,"-163,332",48.2,0,0,0,5
12410,Accounting,"3,862,275","4,663,877","5,336,917","673,040",29,20,31,11,5
12430,Accounts Payable,"642,269","590,658","953,393","362,734",8,5,7,2,5
26291,Adam Clayton Powell Jr Paideia Community Academy,"5,263,623","5,215,718","5,115,376","-100,341",49.5,48,50,2,5
25472,Adlai E Stevenson Branch,991,0,0,0,0,0,0,0,5
25471,Adlai E Stevenson School,"10,934,155","10,922,373","10,758,142","-164,231",106.5,110,112,2,5
23791,Agustin Lara Academy,"4,203,544","4,158,948","4,189,153","30,205",47,46,47,1,5
45231,Air Force Academy High School,"3,651,688","3,703,462","3,798,114","94,652",44,39,40,1,5
69343,Akiba Jewish Day School,"127,439","107,927",0,"-107,927",0,0,0,0,5
46471,Al Raby High School,"6,262,523","5,332,785","4,804,384","-528,401",68.5,63.5,58.5,-5,5
66151,Alain Locke Charter School,"5,026,557","4,817,217","5,537,164","719,947",3,3,3,0,5
32011,Albany Park Multicultural Academy Elementary School,"2,789,051","2,822,094","2,670,698","-151,396",26,27,26,-1,5
46221,Albert G Lane Technical High School,"29,590,859","31,323,487","30,458,995","-864,493",286.5,295,305,10,5
29371,Albert R Sabin Magnet School,"5,132,766","5,290,131","4,986,315","-303,816",49,53,52,-1,5
25681,Alessandro Volta School,"8,002,175","7,796,253","7,321,479","-474,775",83,78.5,76,-2.5,5
22301,Alex Haley School,"5,546,746","5,809,471","5,362,297","-447,175",57,54,56,2,5
23462,Alexander Fleming Br - Grimes,150,316,0,-316,0,0,0,0,5
22231,Alexander Graham Bell School,"8,663,503","8,771,637","7,778,144","-993,493",90.5,85,80.5,-4.5,5
23391,Alexander Graham School,"4,211,736","4,212,336","3,957,604","-254,732",47,47,44,-3,5
23501,Alexander Hamilton School,"3,661,317","4,011,911","3,707,565","-304,346",42.5,41,41,0,5
25691,Alexander Von Humboldt School,199,0,0,0,0,0,0,0,5
24691,Alfred Nobel Elementary School,"6,895,356","7,091,990","7,057,778","-34,212",71.5,74.5,75.5,1,5
22131,Alice L Barnard Computer Math & Science Center,"3,470,560","3,536,038","3,306,737","-229,301",32,31.5,34,2.5,5
69323,Altus Academy,"42,626","26,330",0,"-26,330",0,0,0,0,5
66551,Amandla Charter School,"3,906,619","12,771",0,"-12,771",0,0,0,0,5
24981,Ambrose Plamondon School,"1,932,615","1,767,295","1,628,597","-138,699",16.5,20.5,18.5,-2,5
26441,Amelia Earhart Options For Knowledge Specialty School,"2,432,830","2,371,754","2,262,604","-109,150",24,24,22.5,-1.5,5
26521,Amos A Stagg School,"4,435,406","3,780,206","3,580,520","-199,686",54.5,52.5,41,-11.5,5
69104,Ancona School Society,"34,046","23,843",0,"-23,843",0,0,0,0,5
22551,Andrew Carnegie School,"5,188,301","5,380,918","5,413,376","32,458",51,52,54,2,5
29171,Andrew Jackson Language Academy,"4,925,622","4,979,537","4,719,607","-259,931",53,52,50.5,-1.5,5
22841,Anna R. Langford Community Academy,"3,662,772","3,204,896","2,897,122","-307,774",39.5,35,30,-5,5
29211,Annie Keller Regional Gifted Magnet School,"2,127,676","2,162,521","2,243,420","80,899",21,23,22,-1,5
69040,Annunciata,"63,130","42,815",0,"-42,815",0,0,0,0,5
26261,Anthony Overton School,250,0,0,0,0,0,0,0,5
66291,Architectur Construction & Engineering - ACE Technical Charter School,"5,331,987","4,647,777","4,485,417","-162,360",6,6,5,-1,5
69591,Arie Crown School,"217,243","116,738",0,"-116,738",0,0,0,0,5
23421,Ariel Community Academy,"4,497,775","4,497,223","4,724,793","227,570",49,53,55,2,5
25331,Arnold Mireles Academy,"5,815,429","5,070,716","4,808,890","-261,826",67.5,59,50,-9,5
24171,Arthur A Libby School,"4,001,611","4,247,741","3,719,785","-527,956",50,42,41,-1,5
22971,Arthur Dixon School,"5,096,712","4,946,366","4,451,673","-494,693",50.5,48,43,-5,5
22541,Arthur E Canty,"5,995,300","6,334,902","6,093,679","-241,223",62,63,64.5,1.5,5
26191,Arthur R Ashe Jr Elementary School,"3,370,481","2,983,988","2,919,238","-64,750",34,29,30,1,5
10890,Arts,"2,323,696","1,851,384","1,639,808","-211,576",6,5,5,0,5
32081,Ashburn Community Area School,"4,942,259","5,202,354","5,055,009","-147,346",49.5,54.5,52.5,-2,5
11210,Assessment,"8,117,268","6,902,013","6,520,538","-381,475",8,8,8,0,5
69530,Associated Talmud Torah Of Chicago,"324,359","685,297",0,"-685,297",0,0,0,0,5
22091,Audubon Elementary School,"4,748,924","5,028,915","4,460,939","-567,976",45.5,48.5,48.5,0,5
22421,Augustus H Burley Elementary School,"4,553,788","4,887,592","4,380,004","-507,588",45.5,47.5,46.5,-1,5
66411,Austin Business and Entrepreneurship Academy,"1,439,882","220,310",0,"-220,310",17,0,0,0,5
66511,Austin Multiplex,"422,220","95,087",0,"-95,087",10,8,0,-8,5
49141,Austin Polytechnical Academy,"1,756,053","22,583",0,"-22,583",25,0,0,0,5
22101,Avalon Park School,"3,129,321","2,906,361","3,008,070","101,710",33,30,31,1,5
46551,Back of the Yards High School,"7,119,839","9,051,291","8,975,243","-76,048",79,97,104,7,5
69553,Bais Yaakov High School Of Chicago,"87,258","55,529",0,"-55,529",0,0,0,0,5
65019,Banner Academy West,"3,570,471","2,515,762","2,955,565","439,803",0,1,1,0,5
26732,Barbara Vick Center - Vick Village,"28,861","25,836","25,836",0,0,0,0,0,5
26731,Barbara Vick Early Childhood & Family Center,"3,809,129","3,935,937","3,887,537","-48,400",41.5,42.5,42,-0.5,5
29321,Beasley Academic Center Magnet,"10,779,384","9,996,551","10,186,681","190,130",120.5,118.5,112.5,-6,5
29322,Beasley CPC,"2,356","9,207",0,"-9,207",0,0,0,0,5
26771,Belmont-Cragin School,"4,850,689","5,156,882","5,086,335","-70,547",53.7,53.2,55.7,2.5,5
46421,Benito Juarez High School,"15,695,722","15,191,521","15,000,777","-190,743",155,148,154,6,5
26321,Benjamin E Mays Academy,"4,885,934","4,609,777","4,026,567","-583,210",53,52,46,-6,5
69439,Bernard Zell Anshe Emet Day Sch,"10,015",0,0,0,0,0,0,0,5
24551,Bernhard Moos School,"5,304,062","5,172,425","4,762,007","-410,418",54.5,59,52,-7,5
25412,Bernice F Joyner Child-Parent- Center Br - Smyth,"55,620","56,187","57,978","1,791",1,1,1,0,5
69304,Bethseda Lutheran School,"47,927","47,550",0,"-47,550",0,0,0,0,5
25161,Betsy Ross School,584,515,0,-515,0,0,0,0,5
66401,Betty Shabazz - Barbara A. Sizemore,"2,743,895","2,241",0,"-2,241",0,0,0,0,5
66121,Betty Shabazz International Charter School,"3,325,664","534,412",0,"-534,412",0,0,0,0,5
66311,Betty Shabazz International Charter School-DuSable Leadership,"882,272","9,195",0,"-9,195",0,0,0,0,5
25371,Beulah Shoesmith School,"3,069,502","3,067,666","2,927,268","-140,398",35.5,32.5,33.5,1,5
29382,Black Robert A Br - Black Magnet,"16,309","9,345",0,"-9,345",0,0,0,0,5
30071,Blair Early Childhood Center,"4,194,886","4,301,748","4,789,449","487,700",53.5,51.5,58.5,7,5
69056,Blessed Agnes School,"219,517","73,546",0,"-73,546",0,0,0,0,5
10110,Board of Trustees,"1,120,251","1,018,279","1,005,136","-13,144",8,8,7,-1,5
22371,Bouchet Academy,"6,318,665","5,917,934","5,967,116","49,182",64,66,66,0,5
46491,Bowen High School,"6,175,105","5,069,008","4,336,567","-732,441",59.5,53.5,49.5,-4,5
22311,Brentano Math & Science Academy,"3,928,349","4,385,813","4,361,658","-24,156",42,49.5,51,1.5,5
23561,Bret Harte Elementary School,"3,396,668","3,341,312","3,020,774","-320,538",33,33,29.5,-3.5,5
24781,Brian Piccolo Elementary School,"5,073,316","5,303,739","5,233,921","-69,817",57,60.5,59,-1.5,5
69202,Brickton Montessori School,"13,125","20,500",0,"-20,500",0,0,0,0,5
11956,Bridgeport,0,"14,456",0,"-14,456",0,0,0,0,5
69209,Bridgeport Catholic Academy School - South,"74,310","33,531",0,"-33,531",0,0,0,0,5
26451,Brighton Park Elementary School,"4,562,350","4,271,645","3,836,121","-435,524",45,43.5,42,-1.5,5
66421,Bronzeville Lighthouse Charter School,"4,895,129","7,206",0,"-7,206",6,0,0,0,5
55191,Bronzeville Scholastic Institute,"5,630,945","4,149,943","3,172,289","-977,653",48,40,31.5,-8.5,5
69357,Brother Rice High School B,"43,846","28,419",0,"-28,419",0,0,0,0,5
12610,Budget & Management Office,"2,511,771","2,472,345","2,532,279","59,934",26,18,20,2,5
22431,Burnham/Anthony Inclusive Academy,"5,086,013","4,987,725","4,869,937","-117,788",61,61,59,-2,5
29021,Burnside Scholastic Academy,"5,407,853","4,954,625","4,954,831",206,53,53,52,-1,5
12280,Business Diversity,"382,178","281,941","417,469","135,528",4,3,3,0,5
11890,CPS Warehouse - City Wide,"2,757,406","2,778,009","2,862,082","84,074",29,28,29,1,5
22511,Caldwell Academy Of Mathematics Science & Technology,"2,589,950","2,603,189","2,560,827","-42,362",27,28,28,0,5
26821,Calmeca Academy of Fine Arts and Dual Language,"6,622,931","6,608,646","6,397,886","-210,760",74,73,73,0,5
66501,Calumet Multiplex,0,"2,895",0,"-2,895",0,0,0,0,5
66012,Camelot Safe Academy Elementary,0,"314,697",0,"-314,697",0,0,0,0,5
66013,Camelot Safe Academy Elementary Garfield Park,"1,626,065","1,399,933","634,625","-765,308",0,0,0,0,5
23981,Canter Middle School,"8,627","12,698",0,"-12,698",0,0,0,0,5
12150,Capital/Operations - City Wide,"567,864","126,144",0,"-126,144",0,0,0,0,5
46281,Carl Schurz High School,"19,344,806","18,449,897","16,115,852","-2,334,045",205.5,177,165,-12,5
24201,Carl Von Linne Elementary School,"5,759,630","5,635,855","5,554,329","-81,527",57,53,55,2,5
25941,Carrie Jacobs Bond,"3,690,655","3,440,192","3,540,395","100,203",45,39,43,4,5
26541,Carter G Woodson South,"4,158,416","3,823,439","3,714,308","-109,130",41.5,44,41,-3,5
46381,Carver Military High School,"5,550,892","5,461,029","5,219,005","-242,024",53.5,50,50,0,5
31211,Casimir Pulaski International Academy Elementary School,"7,181,770","7,142,121","7,013,833","-128,288",76,79,75,-4,5
22461,Castellanos,"5,064,177","5,467,605","5,276,512","-191,093",51.5,56.5,56,-0.5,5
66433,Catalyst - Maria Charter School,"12,813,867","12,910,982","13,431,576","520,594",0,0,0,0,5
66431,Catalyst Charter School - Howland,"17,546",0,0,0,3,0,0,0,5
66432,Catalyst Elementary School - Circle Rock,"5,483,867","5,457,905","6,070,540","612,635",0,0,0,0,5
44071,Cather Multiplex,"2,752",0,0,0,0,0,0,0,5
69302,Catherine Cook School,"8,125","11,910",0,"-11,910",0,0,0,0,5
25151,Cesar E Chavez Multicultural Academic Center,"8,683,908","9,142,464","8,540,167","-602,297",84,90,90.5,0.5,5
53041,Charles Allen Prosser Career Academy,"14,361,313","13,656,595","12,275,459","-1,381,136",141.7,134.2,127.7,-6.5,5
22571,Charles Carroll School,"4,705,465","5,010,320","4,735,306","-275,014",49.5,49,51,2,5
23901,Charles Evans Hughes School,"2,759,937","2,611,933","2,607,596","-4,337",29,30.5,29,-1.5,5
23531,Charles G Hammond School,"4,754,596","4,522,804","4,237,883","-284,921",53.5,52,50.5,-1.5,5
22901,Charles Gates Dawes School,"8,959,613","9,235,414","9,136,740","-98,674",84,86,88,2,5
26621,Charles H Wacker School,"3,180,693","3,463,983","3,109,859","-354,124",29.5,34,33,-1,5
31151,Charles Kozminski Community Academy School,"2,901,824","2,837,600","2,647,343","-190,257",34,29.5,29,-0.5,5
23821,Charles N Holden School,"4,714,951","4,782,044","4,226,232","-555,811",54,49,46,-3,5
46291,Charles P Steinmetz Academic Centre,"14,789,586","13,707,030","12,658,025","-1,049,005",151.5,136,128,-8,5
22881,Charles R Darwin School,"4,771,884","4,886,365","4,480,340","-406,026",55,47,48,1,5
23721,Charles R Henderson School,"3,023,392","2,591,729","2,541,842","-49,888",32,30,26,-4,5
22361,Charles S Brownell School,"2,369,634","2,194,890","2,137,199","-57,691",27,25,24,-1,5
22931,Charles S Deneen School,"4,726,854","4,507,065","4,681,509","174,444",62,55,57,2,5
31221,Charles Sumner Mathematics & Science Community Academy,"3,227,305","2,957,027","2,527,072","-429,955",30,30,27.5,-2.5,5
23031,Charles W Earle School,"4,863,241","4,503,813","4,513,848","10,035",48,46,47.5,1.5,5
69593,Cheder Lubavitch,"87,986","51,341",0,"-51,341",0,0,0,0,5
69099,Cheder Lubavitch Hebrew School,"70,066","62,030",0,"-62,030",0,0,0,0,5
45211,Chicago Academy Elementary School,"4,974,126","5,171,006","4,609,529","-561,477",55,53.5,53.5,0,5
46481,Chicago Academy High School,"5,283,555","5,315,770","5,182,604","-133,166",52,49.5,50.5,1,5
66671,Chicago Collegiate,"2,599,200","3,339,003","3,508,253","169,250",1,2,2,0,5
63141,Chicago Excel/Camelot,"3,034,765","3,002,939","2,752,922","-250,017",3,3,3,0,5
47091,Chicago High School For Agricultural Sciences,"7,965,870","9,198,786","7,902,998","-1,295,788",76.4,73.4,77.4,4,5
63051,Chicago High School for the Arts,"6,120,666","5,879,136","5,999,475","120,339",7,7,6,-1,5
69012,Chicago Hope Academy,"33,057","15,725",0,"-15,725",0,0,0,0,5
66077,Chicago International Charter School (CICS) Larry Hawkins Campus,"2,255,865","4,984",0,"-4,984",0,0,0,0,5
66371,Chicago International Charter School (CICS)- Avalon/South Shore Campus,"4,485,818","5,162,048","5,997,223","835,175",0,0,0,0,5
66231,Chicago International Charter School (CICS)- Basil Campus,"7,439,109","7,457,463","8,802,049","1,344,586",0,0,0,0,5
66071,Chicago International Charter School (CICS)- Bucktown Campus,"7,303,981","7,264,134","8,082,346","818,211",0,0,0,0,5
66061,Chicago International Charter School (CICS)- Longwood Campus,"14,843,701","15,198,807","16,107,181","908,374",0,0,0,0,5
66241,Chicago International Charter School (CICS)- Northtown Campus,"10,139,401","10,485,961","10,915,985","430,025",0,0,0,0,5
66161,Chicago International Charter School (CICS)- Prairie Campus,"4,305,491","4,314,499","4,994,568","680,068",0,0,0,0,5
66072,Chicago International Charter School (CICS)- Ralph Ellison Campus,"5,275,048","5,291,444","5,189,003","-102,441",0,0,0,0,5
66181,Chicago International Charter School (CICS)- Washington Park Campus,"4,661,585","4,733,459","5,677,304","943,845",0,0,0,0,5
66221,Chicago International Charter School (CICS)- West Belden Campus,"5,559,435","5,726,648","6,289,354","562,706",0,0,0,0,5
66381,Chicago International Charter School (CICS)- Wrightwood Campus,"7,383,546","7,883,855","9,052,037","1,168,182",0,0,0,0,5
66651,Chicago International Charter School - ChicagoQuest North,"2,941,728","3,312,466","2,926,393","-386,073",0,0,0,0,5
66075,Chicago International Charter School - Friesse Campus,"5,992,083","5,606,823","6,341,892","735,069",0,0,0,0,5
66074,Chicago International Charter School - Irving Park,"5,271,121","5,386,695","6,061,297","674,602",0,0,0,0,5
66076,Chicago International Charter School - Lloyd Bond Campus,"3,713,977","3,563,706","3,958,465","394,759",0,0,0,0,5
69036,Chicago Jewish Day School,"22,085","12,540",0,"-12,540",0,0,0,0,5
66281,Chicago Math and Science Academy (CMSA) Charter School,"7,052,412","6,831,023","7,300,963","469,940",2,2,2,0,5
70070,Chicago Military Academy - Bronzeville,"4,056,063","3,626,039","3,625,186",-853,42,39,39,0,5
69450,Chicago SDA Academy,"139,513","58,788",0,"-58,788",0,0,0,0,5
63111,Chicago Talent Development High School,"3,230","3,135",0,"-3,135",0,0,0,0,5
63091,Chicago Technology Academy High School,"4,071,639","3,339,878","2,968,746","-371,132",2,2,2,0,5
66481,Chicago Virtual Charter School,"7,442,141","7,492,322","8,266,227","773,905",0,0,0,0,5
53011,Chicago Vocational Career Academy,"12,071,152","11,034,938","10,122,425","-912,513",122,115,110,-5,5
69238,Chicago Westside Christian,"167,591","113,708",0,"-113,708",0,0,0,0,5
14010,Chief Administrative Office,"356,643","247,669","246,591","-1,078",2,1,1,0,5
10816,Chief Education Office,"1,128,232","1,265,192","1,224,063","-41,128",0,9,6,-3,5
12310,Chief Financial Officer,"428,210",0,0,0,2,0,0,0,5
10810,Chief Teaching & Learning Officer,"2,091,048","3,282,223","3,192,422","-89,801",16,8,7,-1,5
12420,Children and Family Benefits Unit,"451,902",0,0,0,12,0,0,0,5
69135,Children of Peace,"116,848","37,742",0,"-37,742",0,0,0,0,5
69462,Christ The King Lutheran,0,"36,620",0,"-36,620",0,0,0,0,5
69073,Christ The King School,"61,272","86,211",0,"-86,211",0,0,0,0,5
69027,Christ the King Jesuit (Catholic),"632,191","325,001",0,"-325,001",0,0,0,0,5
69237,Christian Affiliate Schools,"186,267","499,451",0,"-499,451",0,0,0,0,5
23051,Christian Ebinger,"5,668,208","5,944,629","5,669,556","-275,074",54.5,55,55.5,0.5,5
46111,Christian Fenger Academy,"4,085,612","3,762,467","3,062,264","-700,203",43,36,34,-2,5
69171,Christian STEM Scholars Academy,0,"24,710",0,"-24,710",0,0,0,0,5
69170,Christo Rey High School,"41,412","32,753",0,"-32,753",0,0,0,0,5
22791,Christopher Columbus School,"2,489,320","2,617,005","2,594,073","-22,932",23.5,23,25,2,5
66661,Christopher House Charter School,"2,621,545","3,141,738","3,726,641","584,903",0,0,0,0,5
22151,Clara W Barton School,"4,450,774","4,610,514","4,172,360","-438,154",45.5,47,46.5,-0.5,5
31301,Claremont Academy,"5,367,941","5,207,059","5,035,984","-171,075",57,53.5,57.5,4,5
10870,College and Career Success Office,"594,181","307,253","455,368","148,115",4,3,3,0,5
49131,Collins Academy High School,"4,481,948","4,107,474","3,321,262","-786,212",54,49,42.5,-6.5,5
44021,Collins Multiplex,"65,080","71,786",0,"-71,786",0,0,0,0,5
11955,Colman,0,"18,506",0,"-18,506",0,0,0,0,5
20071,Columbia Explorers Academy,"8,536,350","8,410,085","8,328,553","-81,533",99.5,94,96,2,5
10510,Communications Office,"1,648,527","1,612,214","1,826,541","214,326",17,16,14,-2,5
63061,Community Services West High School,"1,151,138",0,0,0,0,0,0,0,5
11405,Computer Science,0,0,"2,034,009","2,034,009",0,0,15,15,5
12690,Consolidated Pointer Line Unit,"-51,556,161","-38,230,634",0,"38,230,634",0,0,0,0,5
49041,Consuella B. York Alternative HS,"6,852,918","7,334,964","7,617,075","282,111",57,56,55,-1,5
12691,Control Accounts/Compensation - City Wide,"24,965,687","11,815,954",0,"-11,815,954",0,0,0,0,5
69371,Cornerstone Academy,"31,749","8,006",0,"-8,006",0,0,0,0,5
69538,Council Oak Montessori,0,"5,610",0,"-5,610",0,0,0,0,5
10850,Counseling and Postsecondary Advising,"2,443,897","2,526,011","2,539,437","13,426",15,13,13,0,5
10855,Counseling and Postsecondary Advising - City Wide,"2,322,640","1,951,901","2,322,185","370,284",33,31,29,-2,5
23891,Countee Cullen School,"2,138,123","1,884,984","1,734,448","-150,536",23,19,16,-3,5
30141,Courtenay Language Arts Center,"7,449,507","6,752,109","5,832,325","-919,784",91.5,78.5,70,-8.5,5
31021,Crispus Attucks School,"18,193","2,963",0,"-2,963",0,0,0,0,5
31041,Crown Community Academy Fine Arts Center,"3,403,813","3,200,734","2,964,848","-235,887",32,32,32,0,5
24431,Cyrus H Mccormick School,"6,606,711","6,396,244","6,236,707","-159,537",67.5,66,65.5,-0.5,5
22271,Daniel Boone School,"7,621,697","7,515,501","7,193,868","-321,632",74,75,77,2,5
30051,Daniel Carter Beard School,"4,125,920","4,370,429","4,364,630","-5,799",51,59,59,0,5
55161,Daniel Hale Williams Prep School of Medicine,"3,361,503","3,324,333","2,891,500","-432,834",37,36,31,-5,5
22851,Daniel J Corkery School,"5,058,098","5,134,855","5,100,219","-34,636",55.5,56,58.5,2.5,5
22531,Daniel R Cameron Elementary School,"7,215,758","6,934,258","6,709,112","-225,146",79,75,73,-2,5
25811,Daniel S Wentworth School,"5,868,695","5,540,886","5,117,539","-423,347",61.5,60,55.5,-4.5,5
25791,Daniel Webster School,"3,652,134","3,568,552","3,370,719","-197,833",41,38.5,37,-1.5,5
53091,David G Farragut Career Academy High School,"10,607,135","10,052,878","8,786,491","-1,266,388",117.9,106.7,98,-8.7,5
69566,Daystar School,"152,453","62,850",0,"-62,850",0,0,0,0,5
69363,De La Salle Institute B,"10,780","3,591",0,"-3,591",0,0,0,0,5
69367,DePaul College Prep,"117,832","111,584",0,"-111,584",0,0,0,0,5
10825,Department of Personalized Learning,"4,138,802","1,837,959","2,612,997","775,038",16,8,8,0,5
46521,Devry University Advantage Academy,"2,269,119","2,365,254","2,195,731","-169,522",12.5,12.5,12.5,0,5
22951,Dewey Academy Of Multicultural Studies,"3,977,192","4,058,726","4,119,185","60,459",48.5,50.5,49.5,-1,5
22751,Dewitt Clinton School,"8,257,548","8,553,479","8,510,155","-43,323",84,82,89,7,5
26921,Disney II Magnet School,"8,597,561","9,525,974","8,965,571","-560,403",90,97.5,102.5,5,5
11675,Diverse Learner Related Services Providers - City Wide,"140,536,718","142,480,884","142,303,570","-177,313","1,300.50","1,296.50","1,296.50",0,5
11610,Diverse Learner Supports & Services,"8,321,020","7,601,634","7,889,249","287,615",74,55,55,0,5
22981,Dodge Renaissance Academy,"1,358,725","2,671",0,"-2,671",20,0,0,0,5
11951,Dodge-Garfield Park,0,"22,398",0,"-22,398",0,0,0,0,5
24571,Donald L Morrill Mathematics & Science Specialty School,"6,568,905","6,406,165","6,064,253","-341,912",67.5,69,66,-3,5
25591,Douglas Taylor Elementary School,"4,653,476","4,694,402","4,579,739","-114,663",48,48,46,-2,5
22581,Dr Jorge Prieto Math and Science Academy,"8,544,836","8,487,950","8,219,102","-268,848",89.5,90.5,85,-5.5,5
26371,Dr. Martin Luther King Jr. Academy of Social Justice,"2,927,604","2,804,615","2,626,967","-177,647",30.5,32,29.5,-2.5,5
46541,DuSable Multiplex,"67,208","193,530",0,"-193,530",0,0,0,0,5
53021,Dunbar Vocational Career Academy,"9,193,456","7,836,177","6,028,334","-1,807,843",88.5,75,57,-18,5
26831,Durkin Park School,"5,353,711","5,673,951","5,709,999","36,047",54.5,56,59.5,3.5,5
26051,Dvorak Technology Academy,"4,294,474","3,874,765","4,057,085","182,320",55,52,51,-1,5
66021,Dyett High School,"5,183","11,891",0,"-11,891",0,0,0,0,5
12693,ECIA Projects,"1,129,795","108,562",0,"-108,562",0,0,0,0,5
63081,EPIC Academy,"5,361,288","5,988,562","6,020,800","32,238",2,2,2,0,5
11360,Early Childhood Development,"1,379,203","1,091,579","887,505","-204,074",14,10,7,-3,5
11385,Early Childhood Development - City Wide,"73,766,480","78,467,280","72,472,927","-5,994,352",142,106,114,8,5
13725,Early College and Career,"3,225,075","3,632,375","2,698,117","-934,258",32,29,25,-4,5
13727,Early College and Career - City Wide,"6,273,180","6,210,546","12,177,345","5,966,800",4,4,8,4,5
68010,Eckersall Stadium,0,"14,426",0,"-14,426",0,0,0,0,5
29261,Edgar Allan Poe Classical School,"1,947,024","2,009,365","2,001,868","-7,497",19,21,20,-1,5
23071,Edgebrook School,"3,579,013","3,666,756","3,550,480","-116,275",36,38.5,38,-0.5,5
28081,Edison Park Elementary,"4,138,303","4,713,039","4,715,062","2,024",46.5,51,53.5,2.5,5
22411,Edmund Burke Elementary School,"5,859,265","5,726,667","4,922,851","-803,816",53,57,60.5,3.5,5
12670,Education General - City Wide,"82,614,837","-196,781,887","120,648,709","316,430,596",388,246,474.7,228.7,5
23101,Edward (Duke) K Ellington School,"7,212,275","6,716,722","6,017,472","-699,250",73,72,61,-11,5
22911,Edward C Delano School,46,46,0,-46,0,0,0,0,5
22771,Edward Coles Model For Excellence School,"4,443,786","4,239,682","3,955,004","-284,678",46,44,42,-2,5
23141,Edward Everett Elementary School,"2,406,058","2,098,083","2,304,463","206,380",26.5,26,27,1,5
25491,Edward F Dunne School,"2,810,576","2,712,257","2,522,197","-190,060",25.5,28,24,-4,5
26531,Edward Franklin Frazier School,500,0,0,0,0,0,0,0,5
26431,Edward H White,"2,058,156","1,975,866","1,789,764","-186,102",20,22.5,19.5,-3,5
23951,Edward Jenner Academy Of The Arts,"3,420,550","3,263,071","2,677,444","-585,627",31,34,29,-5,5
23911,Edward N Hurley School,"6,717,437","6,826,682","6,495,359","-331,322",62.5,65.5,64,-1.5,5
53121,Edward Tilden Career Commmunity Academy,"4,686,813","4,478,030","3,855,879","-622,151",54.5,51,46,-5,5
46131,Edwin G. Foreman College and Career Academy,"11,860,198","10,672,391","8,672,778","-1,999,613",131,96.5,84,-12.5,5
25841,Eli Whitney School,"8,581,196","8,427,748","8,413,288","-14,460",91.5,91,87,-4,5
25901,Elihu Yale School,250,0,0,0,0,0,0,0,5
22681,Eliza Chappell Elementary School,"5,353,536","5,808,053","5,577,230","-230,823",61.5,61.5,63,1.5,5
25561,Elizabeth H Sutherland School,"5,434,095","5,172,262","4,742,141","-430,121",54,51,49,-2,5
25921,Ella Flagg Young School,"8,240,910","7,757,918","7,162,195","-595,723",81,80,70,-10,5
53051,Ellen H Richards Career Academy,"3,851,779","3,326,017","3,011,129","-314,887",44.5,35,33,-2,5
24511,Ellen Mitchell School,"3,423,486","3,613,481","3,405,077","-208,404",37.5,37.5,37,-0.5,5
47031,Emil G Hirsch Metropolitan High School,"3,868,731","3,646,071","2,455,633","-1,190,438",33,31,27,-4,5
23611,Emiliano Zapata Academy,"7,562,352","7,399,243","6,415,399","-983,844",81,79,72,-7,5
24441,Emmit Louis Till Math and Science Academy,"4,022,242","3,423,873","3,370,472","-53,400",41,36,36,0,5
25631,Enrico Tonti School,"8,708,526","8,482,592","8,366,979","-115,613",90,88,88,0,5
69094,Epiphany School,"190,865","99,962",0,"-99,962",0,0,0,0,5
46101,Eric Solorio Academy High School,"10,129,871","10,666,231","10,709,294","43,063",112.2,115,120,5,5
66331,Erie Elementary Charter School,"4,534,137","4,442,085","5,030,663","588,578",2,2,2,0,5
25031,Ernst Prussing,"5,793,506","5,898,376","5,465,080","-433,295",56,58,55,-3,5
23131,Esmond Elementary School,"3,346,828","3,406,768","3,161,368","-245,399",35,29.5,31,1.5,5
23211,Eugene Field School,"2,871,638","2,123,355","1,880,781","-242,574",33,21,19.5,-1.5,5
22871,Everett Mckinley Dirksen School,"6,472,028","7,126,193","6,949,004","-177,189",59.5,61.5,64,2.5,5
26461,Evergreen Academy School,"3,534,438","3,163,353","3,154,232","-9,121",33.5,33,32,-1,5
63144,Excel Academy - Southwest,"2,167,907","2,215,186","2,122,224","-92,962",0,0,1,1,5
63143,Excel Academy - Woodlawn,"2,648,597","2,337,984","2,318,189","-19,795",0,0,0,0,5
63142,Excel Academy of Englewood,"3,083,926","2,418,514","2,028,917","-389,597",1,0,0,0,5
10710,Executive Office,"1,727,229","1,505,129","1,295,792","-209,337",9,8,8,0,5
14040,External Affairs and Partnerships,"436,915","352,682",0,"-352,682",4,2,0,-2,5
69587,Ezzard Charles School,"53,783","24,248",0,"-24,248",0,0,0,0,5
11860,Facility Operations & Maintenance,"2,046,510","1,963,452","1,876,833","-86,620",18,14,14,0,5
11880,Facility Opers & Maint - City Wide,"287,919,624","299,585,308","314,623,479","15,038,171","1,372.00","1,358.00","1,073.00",-285,5
26701,Fairfield Academy,"4,719,609","4,614,974","4,617,892","2,918",51,46.5,48,1.5,5
14060,Family & Community Engagement Office,"6,166,887","5,564,197","6,373,652","809,456",27,31,33,2,5
28221,Faraday Multiplex,"24,551","28,943",0,"-28,943",0,0,0,0,5
69594,Fasman Yeshiva HS,"1,438",0,0,0,0,0,0,0,5
22341,Federico Garcia Lorca Elementary School,"6,799,849","6,815,444","6,575,335","-240,109",78.5,73.5,69,-4.5,5
50191,Fenger Achievement Academy,0,100,0,-100,0,0,0,0,5
24871,Ferdinand W Peck School,"13,049,572","11,311,127","8,391,093","-2,920,034",144,140.5,100.5,-40,5
28231,Fermi Multiplex,"18,884",0,0,0,0,0,0,0,5
23201,Fernwood School,"3,020,046","2,792,990","2,751,782","-41,209",30.5,31,33,2,5
11810,Finance,"6,137,120","12,227,674","5,756,120","-6,471,554",0,2,2,0,5
26101,Florence B Price Elementary School,"2,200","3,071",0,"-3,071",0,0,0,0,5
24671,Florence Nightingale School,"10,580,224","10,141,327","9,824,178","-317,148",105.5,110,107,-3,5
23241,Fort Dearborn Elementary School,"4,046,779","3,863,914","3,936,599","72,684",38,39,40,1,5
23261,Foster Park School,"4,219,530","3,905,651","4,188,831","283,180",41,45,44,-1,5
66941,Foundations College Preparatory Charter School,"1,816,551","2,566,509","3,108,095","541,585",2,2,2,0,5
24451,Francis M Mckay School,"7,847,630","7,778,091","7,705,045","-73,046",79.5,79,78,-1,5
24001,Francis Scott Key School,525,250,0,-250,0,0,0,0,5
31181,Francis W Parker Community Academy,"6,564,206","5,991,916","5,229,131","-762,785",72.5,65,57,-8,5
69016,Francis W. Parker School,"3,575","6,300",0,"-6,300",0,0,0,0,5
41041,Francisco I Madero Middle School,"3,132,496","3,307,054","3,355,716","48,663",30.5,31.5,31,-0.5,5
22241,Frank I Bennett School,"3,449,992","3,271,219","2,941,951","-329,267",32,29,29,0,5
23321,Frank L Gillespie School,"5,235,892","5,120,471","4,901,829","-218,642",56,54,52,-2,5
29121,Frank W Gunsaulus Scholastic Academy School,"6,711,315","6,594,256","6,601,685","7,429",67,67.5,68,0.5,5
25101,Frank W Reilly School,"8,619,133","8,294,984","7,995,466","-299,518",93,88,84,-4,5
29081,Franklin Fine Arts Center,"3,543,882","3,561,091","3,190,846","-370,245",35.5,32,33.5,1.5,5
25291,Franz Peter Schubert School,"7,279,964","6,937,393","6,682,498","-254,895",72,73,66.5,-6.5,5
29411,Frazier International Magnet Elementary School,"3,041,043","2,908,608","2,485,655","-422,952",29,28,26,-2,5
28131,Frazier Multiplex,"14,073",0,0,0,0,0,0,0,5
26901,Frazier Prepartatory Academy,"4,211,784","4,153,432","4,188,856","35,424",4,4,4,0,5
22721,Frederic Chopin School,"5,828,684","5,792,047","5,004,450","-787,597",62.5,61.5,58,-3.5,5
41061,Frederick A Douglass Academy High School,"3,208,517","2,573,479","2,182,960","-390,519",31,28.5,22,-6.5,5
23291,Frederick Funston School,"4,602,995","4,736,068","4,321,113","-414,955",50,49,51.5,2.5,5
30081,Frederick Stock School,"3,653,393","3,720,318","3,766,887","46,569",41,43.5,44,0.5,5
47081,Frederick W Von Steuben Metropolitan Science Center,"14,970,699","15,605,599","14,736,316","-869,283",139.5,140,139.5,-0.5,5
10406,Freedom of Information Act Office,0,"224,000","467,888","243,888",0,0,5,5,5
23921,Friedrich L. Jahn Elementary of the Fine Arts,"3,564,808","3,649,701","3,362,330","-287,371",35.5,35,36,1,5
69103,GFP/Other Private Schools,"31,908","78,961",0,"-78,961",0,0,0,0,5
46141,Gage Park High School,"5,946,320","6,417,880","4,837,444","-1,580,436",53,51.5,55.5,4,5
66341,Galapagos Charter School,"3,113,697","22,878",0,"-22,878",0,0,0,0,5
29141,Galileo Scholastic Academy Of Math & Science,"5,061,761","4,999,227","4,869,522","-129,705",47.5,50,47.5,-2.5,5
68100,Gately Stadium,"5,128","22,459",0,"-22,459",0,0,0,0,5
26351,Genevieve Melody School,"5,720,515","5,269,040","5,096,392","-172,648",59,57.5,57,-0.5,5
22081,George Armstrong Elementary School,"11,828,221","12,170,803","10,842,203","-1,328,600",120,114.5,113.5,-1,5
24421,George B McClellan Elementary School,"3,726,558","3,961,193","3,787,476","-173,717",43,44,44,0,5
25571,George B Swift Specialty School,"6,236,089","6,049,315","5,859,511","-189,804",64,62,63,1,5
22651,George F Cassell School,"4,012,971","4,314,567","4,225,124","-89,444",45,45,50,5,5
46391,George Henry Corliss High School,"6,089,125","5,540,143","4,678,879","-861,264",61.5,57,50,-7,5
26391,George Leland Elementary School,"5,910,490","5,462,163","4,880,840","-581,323",61.5,60,49,-11,5
25041,George M Pullman School,"3,192,780","3,413,060","3,349,889","-63,171",31,36,39,3,5
24311,George Manierre School,"4,658,401","4,692,515","4,136,403","-556,112",49.5,47,46,-1,5
22191,George Rogers Clark Elementary School,"2,954,453","2,747,940","2,412,235","-335,706",31.5,27.5,26.5,-1,5
26071,George T Donoghue School,"20,552","10,352",0,"-10,352",0,0,0,0,5
23061,George W Curtis Elementary School,"5,413,652","5,082,856","4,970,442","-112,414",67,64,56,-8,5
25621,George W Tilton School,"3,768,814","3,614,324","3,367,301","-247,023",42,41,37,-4,5
22621,George Washington Carver Elementary,"5,078,922","5,167,381","5,193,619","26,238",49,51.5,52,0.5,5
46331,George Washington High School,"12,817,801","12,888,310","12,049,371","-838,939",140,138,134,-4,5
25771,George Washington School,"6,753,277","7,012,897","6,734,104","-278,793",66,69,68,-1,5
53071,George Westinghouse Career Academy,"10,274,267","10,370,053","10,190,781","-179,272",104,102,105,3,5
29071,Gerald Delgado Kanoon Magnet School,"6,118,841","5,633,533","5,464,661","-168,872",64,62,57,-5,5
69031,Gesher HaTorah Day School,"56,110",0,0,0,0,0,0,0,5
69311,Gloria Dei Lutheran School,"36,607","15,122",0,"-15,122",0,0,0,0,5
69569,Grace English Lutheran,"96,570","40,116",0,"-40,116",0,0,0,0,5
69313,Grace Lutheran School,"159,554","77,143",0,"-77,143",0,0,0,0,5
25481,Graeme Stewart Elementary School,"1,365",0,0,0,0,0,0,0,5
12620,Grant Funded Programs Office,"2,868,219","1,822,028","4,661,509","2,839,481",25,11,17,6,5
12625,Grant Funded Programs Office - City Wide,"2,525,343","1,088,539","30,626,842","29,538,303",10,0,5,5,5
44011,Grant Multiplex,"5,869",0,0,0,0,0,0,0,5
66951,Great Lakes Academy Charter School,"2,176,360","2,680,474","3,472,698","792,224",1,1,2,1,5
22741,Grover Cleveland School,"6,504,981","6,482,423","5,799,971","-682,452",62.5,69.5,63,-6.5,5
46341,Gurdon S Hubbard High School,"15,924,317","16,741,626","16,217,549","-524,077",153,153,156,3,5
47051,Gwendolyn Brooks,"7,803,525","8,779,490","8,684,223","-95,267",71.2,79,83,4,5
69368,Hales Franciscan High School-B,"92,712","4,655",0,"-4,655",0,0,0,0,5
46021,Hancock High School,"8,810,092","8,207,701","7,945,061","-262,640",84.5,81,77.5,-3.5,5
69141,Hanna Sachs Bias Yaakov High School Of Chicago,"96,827","106,790",0,"-106,790",0,0,0,0,5
25431,Hannah G Solomon School,"3,991,214","3,894,599","3,850,298","-44,301",38,40,43.5,3.5,5
68020,Hansen Park Stadium,0,"31,231",0,"-31,231",0,0,0,0,5
24461,Hanson Park School,"14,831,073","14,917,728","14,277,203","-640,525",150,156,153.5,-2.5,5
51021,Harlan Community Academy High School,"7,732,662","6,872,795","5,279,376","-1,593,420",81.5,68.5,55,-13.5,5
24921,Harold Washington School,"3,995,326","3,820,722","3,437,199","-383,523",41.5,37,35,-2,5
46151,Harper High School,"4,453,877","3,616,671","2,731,601","-885,070",51.5,40,30,-10,5
25521,Harriet Beecher Stowe School,"7,318,386","6,792,013","6,132,641","-659,373",72,72,64.5,-7.5,5
29271,Harriet E Sayre Language Academy,"3,794,698","3,757,763","3,612,708","-145,055",41.5,40.5,38.5,-2,5
29131,Hawthorne Scholastic Academy,"5,213,000","5,202,952","4,836,121","-366,831",51,51,50,-1,5
11953,Hayes,0,"7,607",0,"-7,607",0,0,0,0,5
50061,Hayes APC,"36,743","8,632",0,"-8,632",0,0,0,0,5
24891,Helen C Peirce School Of International Studies,"8,150,213","8,368,058","7,971,455","-396,604",79,81,82,1,5
23711,Helen M Hefferan School,"4,207,081","3,960,989","3,874,582","-86,408",42,45,40,-5,5
23591,Helge A Haugan,"9,032,034","8,540,331","7,914,014","-626,317",98.5,92,86,-6,5
22731,Henry Clay Elementary School,"5,418,645","5,488,687","5,425,685","-63,002",54,53,54,1,5
24221,Henry D Lloyd School,"9,542,449","9,070,171","8,919,833","-150,338",100,96.5,94,-2.5,5
24641,Henry H Nash School,"3,184,105","3,087,698","2,845,104","-242,594",36.5,33,30,-3,5
26281,Henry O Tanner School,"3,992,037","3,803,746","3,753,625","-50,121",41,40,40,0,5
22761,Henry R Clissold School,"5,099,970","5,022,891","4,885,777","-137,114",60,57.5,54.5,-3,5
25441,Herbert Spencer Math & Science Academy,"6,892,500","6,610,243","6,162,385","-447,858",74.5,71,66,-5,5
69595,Hillel Torah,"49,961","36,177",0,"-36,177",0,0,0,0,5
22221,Hiram H Belding School,"4,924,903","4,801,643","4,554,250","-247,393",50,48.5,46.5,-2,5
69045,Holman Leadership Academy,"5,880",0,0,0,0,0,0,0,5
69124,Holy Angels School,"164,315","70,789",0,"-70,789",0,0,0,0,5
69478,Holy Family Lutheran,"301,138","180,549",0,"-180,549",0,0,0,0,5
69127,Holy Family School,"1,250",0,0,0,0,0,0,0,5
69372,Holy Trinity High School,"149,018","64,121",0,"-64,121",0,0,0,0,5
49091,Hope College Prep HS,"3,555,646","3,088,179","3,109,000","20,821",35.5,35,37.5,2.5,5
63031,Hope Institute Learning Academy,"4,590,249","4,408,179","4,598,037","189,858",4,4,4,0,5
22661,Horace Greeley School,"6,089,668","5,590,855","5,329,990","-260,865",67,60,56,-4,5
24331,Horace Mann School,"5,655,930","5,335,335","3,657,508","-1,677,826",39,45,41,-4,5
63181,Horizon Science Academy - Southwest Chicago Charter,"6,372,568","7,811,498","8,382,288","570,790",2,2,2,0,5
66521,Howland Multiplex,"12,510","9,796",0,"-9,796",0,0,0,0,5
22451,Hughes/Davis,"5,795,094","5,906,495","5,410,710","-495,785",63.5,59.5,55.5,-4,5
11070,Human Capital Office - City Wide,"5,351,324","7,489,404","6,303,538","-1,185,866",3,24,14,-10,5
69506,Humboldt Community Christian S Chool,"153,308","108,617",0,"-108,617",0,0,0,0,5
46171,Hyde Park Career Academy,"8,831,583","8,565,506","8,048,185","-517,321",93,86,82,-4,5
45221,Hyman G. Rickover Naval Academy,"5,680,593","5,715,956","5,313,464","-402,492",52,52,51,-1,5
69537,ICC Full Time School,"28,696","6,908",0,"-6,908",0,0,0,0,5
69361,Ida Crown Jewish Academy High School,"5,540","31,959",0,"-31,959",0,0,0,0,5
69139,Immaculate Conception School,"196,405","80,422",0,"-80,422",0,0,0,0,5
69042,Immaculate Conception School (North Park ),"1,698",0,0,0,0,0,0,0,5
70140,Independent Schools Of Chicago,"919,015","686,701",0,"-686,701",0,0,0,0,5
55151,Infinity Math,"4,299,849","4,415,800","4,043,653","-372,147",41,41,39,-2,5
12510,Information & Technology Services,"77,945,526","82,747,665","78,507,252","-4,240,413",157,117,129,12,5
13610,Innovation and Incubation Office,"2,644,387","2,146,200","2,789,755","643,555",15,9,10,1,5
10320,Inspector General,"2,158,407","2,202,129","2,080,916","-121,213",17,18,18,0,5
63131,Instituto Health Sciences Career Academy,"9,281,243","9,080,841","8,738,291","-342,550",0,0,0,0,5
63132,Instituto Justice and Leadership Academy Charter HS,"1,670,715","1,165,468","989,411","-176,057",0,0,0,0,5
11551,Instructional Supports,"14,262,599","11,519,944","14,733,751","3,213,808",5,5,12,7,5
29191,Inter-American Magnet,"5,777,620","6,170,082","5,723,074","-447,007",53.5,56.5,58,1.5,5
10450,Intergovernmental Affairs,"1,911,281","1,232,552","1,430,729","198,176",16,9,9,0,5
66691,Intrinsic School,"9,707,559","11,729,728","12,081,993","352,265",4,5,6,1,5
22641,Ira F Aldridge Elementary School,"1,994,492","1,835,859","1,827,936","-7,923",25,22,22,0,5
22441,Irene C. Hernandez Middle School for the Advancement of the Sciences,"7,685,044","8,053,943","8,233,189","179,247",78,83,85,2,5
24931,Irma C Ruiz School,"7,091,779","6,859,123","6,630,314","-228,809",72.5,69,68,-1,5
26251,Irvin C Mollison School,"4,263,465","4,091,074","3,710,700","-380,373",46.5,39,38,-1,5
24751,Isabell C O'Keeffe School,"5,910,280","5,516,694","5,686,031","169,337",67,69,71,2,5
69010,Islamic Community Center of IL,"42,441","13,429",0,"-13,429",0,0,0,0,5
23341,J W Von Goethe School,"6,231,493","6,327,653","6,025,914","-301,739",74,73,71,-2,5
5261,JROTC Department,"2,266,807","2,035,888","2,799,196","763,308",12,12,11,-1,4
26061,Jackie R Robinson,"1,699,042","1,825,734","1,638,749","-186,985",18,17,18,1,5
22211,Jacob Beidler School,"4,509,846","4,254,673","4,309,611","54,938",53,51,49,-2,5
49081,Jacqueline B Vaughn Occupational High School,"4,948,204","5,108,268","5,635,481","527,214",46.5,66.5,72,5.5,5
23161,James B Farnsworth School,"6,358,655","6,440,159","6,596,927","156,768",64.5,67.5,69.5,2,5
24471,James B Mcpherson Elementary School,"8,508,933","8,514,878","8,038,147","-476,730",94,96,91,-5,5
29181,James E Mcdade Classical School,"2,079,687","1,937,148","1,914,367","-22,781",17,20,20,0,5
22261,James G Blaine School,"6,761,556","7,269,437","5,947,814","-1,321,623",63.5,65.5,63.5,-2,5
23681,James Hedges School Main,"6,265,009","6,341,902","5,718,894","-623,008",75,65.5,62,-3.5,5
24301,James Madison School,"2,835,034","2,750,066","2,518,798","-231,268",26,29,25,-4,5
24531,James Monroe School,"7,982,666","7,813,654","7,092,490","-721,165",78,78,71,-7,5
25601,James N Thorp Elementary School,"4,281,932","3,960,580","4,039,504","78,924",46,46,45,-1,5
24791,James Otis School,"6,117,650","5,650,317","5,299,179","-351,138",66.5,63.5,60,-3.5,5
22991,James R Doolittle Jr Intermediate & Upper Cycle East,"3,042,811","2,901,583","2,748,754","-152,830",34,32,32,0,5
24251,James Russell Lowell Elementary School,"5,829,734","5,483,099","5,546,747","63,648",72.5,60.5,62.5,2,5
25361,James Shields Elementary School,"8,553,045","7,888,597","7,387,361","-501,236",86,84,79,-5,5
27091,James Shields Middle School,"5,831,458","5,853,286","5,518,921","-334,364",60,59,59,0,5
25711,James Wadsworth School,"5,447,575","5,472,187","5,503,000","30,812",58,57,59,2,5
25751,James Ward Elementary School,"4,544,693","4,726,235","4,572,338","-153,898",49,49,49,0,5
26231,James Weldon Johnson Elementary School of Excellence,"4,323,539","4,120,752","4,179,567","58,815",42,51,50,-1,5
24651,Jane A Neil School,"5,252,947","5,219,750","5,049,131","-170,619",63,65.5,67,1.5,5
22021,Jane Addams School,"6,957,072","6,058,245","5,817,546","-240,699",67,55.5,56,0.5,5
22201,Jean Baptiste Beaubien School,"7,882,898","8,004,748","7,570,355","-434,393",75,74,74,0,5
29341,Jensen Scholastic Academy School,"4,438,890","4,296,356","4,003,687","-292,668",45.5,44,42,-2,5
31071,Jesse Owens Community Academy,"1,094",44,0,-44,0,0,0,0,5
23351,Jesse Owens Elementary Community Academy,"5,358,250","4,707,719","4,312,726","-394,993",60.5,56.5,49.5,-7,5
25351,Jesse Sherwood School,"3,677,241","3,679,338","3,249,928","-429,410",39,38,34,-4,5
69585,Jewish Children Family Services,"109,816","21,447",0,"-21,447",0,0,0,0,5
69314,Joan Dachs Bais Yaakov Elem,"215,249","182,701",0,"-182,701",0,0,0,0,5
25731,John A Walsh Elementary School,"4,396,835","4,202,541","3,822,199","-380,342",48.5,47.5,44.5,-3,5
23011,John B Drake School,"4,828,293","4,676,622","3,873,410","-803,212",49.5,44,39,-5,5
24621,John B Murphy School,"4,986,676","5,001,630","4,836,858","-164,772",52,51,50,-1,5
22141,John Barry Elementary School,"6,055,428","5,676,854","5,432,095","-244,760",66,61,56,-5,5
22481,John C Burroughs School,"4,341,420","4,351,379","4,110,707","-240,672",45,43,42,-1,5
22821,John C Coonley School,"7,316,736","7,588,111","7,360,461","-227,650",73,84.5,82.5,-2,5
23001,John C Dore School,"5,281,856","5,418,261","5,617,553","199,292",55,57,58.5,1.5,5
23481,John C Haines School,"5,287,419","5,338,809","5,165,030","-173,779",51,53.5,53,-0.5,5
26001,John Calhoun North School,350,250,0,-250,0,0,0,0,5
25381,John D Shoop Elementary School,"4,428,802","4,259,531","3,998,285","-261,246",42.5,42,42,0,5
23041,John F Eberhart School,"11,601,764","11,006,222","10,740,009","-266,213",119,116,114.5,-1.5,5
46201,John F Kennedy High School,"15,853,640","15,442,674","15,140,643","-302,031",154.5,159,151,-8,5
23221,John Fiske School,"5,178,124","4,755,473","4,568,489","-186,984",57,50,47,-3,5
26141,John Foster Dulles Elementary School of Excellence,"6,192,990","5,672,042","5,271,718","-400,324",77,73,63.5,-9.5,5
25861,John Greenleaf Whittier School,"3,116,490","2,979,018","2,617,791","-361,228",30.5,29.5,25.5,-4,5
23441,John Gregory School,"4,156,313","3,622,913","3,484,566","-138,347",44.5,42,38,-4,5
23511,John H Hamline Elementary School,"6,007,069","5,749,009","5,527,207","-221,801",69,65.5,61,-4.5,5
24071,John H Kinzie Elementary School,"7,215,484","7,301,698","6,913,853","-387,845",73,74,73,-1,5
29311,John H Vanderpoel Magnet School,"2,865,998","2,922,779","2,877,171","-45,608",26.5,27.5,28.5,1,5
23581,John Harvard Elementary School of Excellence,"3,893,803","3,832,577","3,617,352","-215,225",47,43.2,46.5,3.3,5
31111,John Hay Community Academy School,"3,993,052","3,746,255","3,470,134","-276,121",45,42,36,-6,5
29251,John J. Pershing East Magnet School,"4,755,734","5,521,636","5,558,822","37,186",51,52.5,55.5,3,5
26871,John J. Pershing West Magnet School for the Humanities,0,"63,760",0,"-63,760",0,0,0,0,5
24361,John L Marsh School,"7,306,242","6,992,593","6,684,792","-307,801",77,72.5,72,-0.5,5
24821,John M Palmer School,"6,983,078","6,856,758","6,492,699","-364,059",69,65,64,-1,5
25411,John M Smyth Elementary School,"5,438,558","5,214,940","4,951,696","-263,243",55,59,58,-1,5
47041,John Marshall Metropolitan High School,"6,623,884","5,789,239","4,277,578","-1,511,661",64,54,44,-10,5
25451,John Spry Community School,"5,641,887","5,399,286","5,192,703","-206,583",63.5,58,56,-2,5
26201,John T Mccutcheon School,"5,484,409","5,242,634","4,786,739","-455,895",65.5,64,61,-3,5
24971,John T Pirie Fine Arts & Academic Center,"3,169,410","3,132,124","3,008,788","-123,336",33.5,34,31,-3,5
22801,John W Cook Elementary School,"4,153,009","4,035,258","3,986,266","-48,992",38,41,40,-1,5
23301,John W Garvy School,"6,061,303","6,123,254","5,741,924","-381,331",61,62,59,-3,5
25831,John Whistler Elementary School,"2,880,078","3,043,687","3,335,128","291,440",28.5,29,36,7,5
26751,Johnnie Colemon School,"2,607,105","2,561,090","2,444,522","-116,569",27.5,25.5,24.5,-1,5
22471,Jonathan Burr Elementary School,"3,640,992","3,738,975","3,482,787","-256,189",41,42,37,-5,5
25241,Jonathan Y Scammon School,"6,915,546","6,309,744","6,218,924","-90,821",72,69,67,-2,5
22811,Jordan Community School,"5,127,110","4,951,293","4,546,220","-405,073",57,53.5,50.5,-3,5
31261,Jose De Diego Community Academy,"6,897,157","6,562,473","6,346,655","-215,818",83,72,72,0,5
23411,Josefa Ortiz De Dominguez Elementary School New Gary,"5,473,780","5,230,797","4,862,650","-368,147",60.5,57,53,-4,5
25991,Joseph Brennemann School,"5,027,077","4,456,262","4,279,816","-176,445",65,57.5,54,-3.5,5
23311,Joseph E Gary School,"9,353,855","8,971,156","9,351,320","380,164",108,107.5,110,2.5,5
23961,Joseph Jungman School,"3,373,053","3,447,013","3,644,116","197,102",37,39,44,5,5
23251,Joseph Kellman Corporate Community School,"3,589,965","3,251,603","3,063,103","-188,500",38,33,31,-2,5
24241,Joseph Lovett School,"3,966,752","3,890,209","3,340,202","-550,007",38,35.5,33,-2.5,5
25502,Joseph Stockton Child-Parent-Center - Stockton,"27,667","27,962","27,811",-152,1,1,1,0,5
25761,Joseph Warren Elementary School,"2,695,244","2,687,705","2,457,191","-230,515",30,28.5,26,-2.5,5
24231,Josephine C Locke School,"11,624,040","11,485,691","10,989,763","-495,928",117.5,115.5,114,-1.5,5
69375,Josephinum High School,"47,425","74,672",0,"-74,672",0,0,0,0,5
23991,Joshua D Kershaw Elementary School,"3,202,803","3,110,100","3,283,619","173,519",31.5,34.5,32.5,-2,5
24961,Josiah L Pickard School,"4,840,287","4,786,614","4,258,003","-528,611",57,48,46.5,-1.5,5
24021,Joyce Kilmer School,"7,351,859","7,783,296","7,666,079","-117,217",78,78,83,5,5
26041,Julia C Lathrop School,"18,448","2,600",0,"-2,600",0,0,0,0,5
23851,Julia Ward Howe School,"4,385,735","4,166,740","4,001,654","-165,086",55,49.5,49,-0.5,5
66261,KIPP Ascend Charter School,"6,140,728","9,338,663","9,552,981","214,318",4,3,3,0,5
66932,KIPP Ascend Primary Charter,"2,204,861","11,821",0,"-11,821",0,0,0,0,5
66032,KIPP One Academy,0,"1,880,131","3,864,399","1,984,268",0,0,0,0,5
66931,KIPP-Bloom,"2,433,272","3,091,628","3,531,441","439,814",0,0,0,0,5
46371,KIng Selective Enrollment HS,"7,586,979","7,185,948","6,737,323","-448,625",81,74.5,70,-4.5,5
23971,Kate S Kellogg School,"2,802,901","2,765,112","2,700,784","-64,327",29.5,28.5,29,0.5,5
46191,Kelvyn Park High School,"7,718,510","6,340,474","5,218,088","-1,122,387",80,70,55.5,-14.5,5
46361,Kenwood Academy,"13,882,309","14,429,178","13,473,866","-955,312",138,139,134.5,-4.5,5
63041,Kwame Nkrumah Academy,"3,316,904","2,389,631","2,533,093","143,462",2,2,2,0,5
66566,LEARN - New Elementary Charter School,"3,642,237","3,688,925","5,091,354","1,402,429",0,0,0,0,5
66567,LEARN - New Middle Charter School,"2,763,564","3,128,516","3,196,709","68,193",0,0,0,0,5
66562,LEARN Charter ES - Charles and Dorothy Campbell,"4,862,274","4,607,018","5,228,567","621,548",0,0,0,0,5
66211,LEARN Charter School,"6,088,689","6,119,721","6,463,688","343,966",0,0,0,0,5
66561,LEARN Charter School - Excel Campus,"4,717,354","4,679,798","5,384,000","704,202",0,0,0,0,5
66564,LEARN Charter School - Hunter Perkins,"5,100,864","4,941,517","5,835,368","893,851",0,0,0,0,5
70241,LR - Alcott HS,0,"4,956",0,"-4,956",0,0,0,0,5
10910,LSC Relations,"2,083,056","1,575,197","1,768,857","193,660",17,12,12,0,5
29101,LaSalle Language Magnet,"6,071,236","6,299,573","5,681,348","-618,226",61.5,59.5,59,-0.5,5
46211,Lake View High School,"12,203,065","12,478,124","12,056,719","-421,405",120,119.5,128.7,9.2,5
69062,Lakeshore,"12,959",0,0,0,0,0,0,0,5
68040,Lane Stadium,840,0,0,0,0,0,0,0,5
26641,Langston Hughes School,0,500,0,-500,0,0,0,0,5
11510,Language & Cultural Education,"1,352,194","1,648,685","1,090,545","-558,141",6,5,5,0,5
11540,Language & Cultural Education - City Wide,"7,648,890","6,916,822","7,073,800","156,978",26,25,25,0,5
29161,Lasalle Language Academy School,"4,730,716","5,044,245","4,926,259","-117,986",48,44.5,50,5.5,5
23151,Laughlin Falconer School,"10,246,258","9,451,810","9,009,971","-441,839",108,101.5,95,-6.5,5
24991,Laura S Ward School,"5,427,799","4,841,037","4,540,653","-300,384",59.5,54.5,52.5,-2,5
25671,Lavizzo Elementray,"3,840,033","3,514,617","3,434,754","-79,863",35.5,38.5,36.5,-2,5
10210,Law Office,"12,478,590","12,724,135","15,000,158","2,276,023",92,78,77,-1,5
31161,Lawndale Community Academy School,"4,051,200","3,034,214","2,893,759","-140,455",47,38,32,-6,5
69048,Lawrence Hall Youth Services,"123,078","144,556",0,"-144,556",0,0,0,0,5
24051,Lazaro Cardenas School,"5,660,118","5,362,478","5,162,917","-199,561",58.5,55,52,-3,5
66563,Learn Charter School - South Chicago Campus,"4,840,892","4,704,999","5,218,014","513,015",0,0,0,0,5
67071,Legacy Charter School,"4,719,434","4,593,889","4,938,103","344,214",0,0,0,0,5
66641,Legal Prep Charter Academy,"3,662,129","3,963,305","3,752,968","-210,338",1,1,1,0,5
29051,Leif Ericson Scholastic Academy,"4,508,493","4,236,216","4,266,993","30,777",43,43,42,-1,5
69377,Leo High School,"97,904","85,051",0,"-85,051",0,0,0,0,5
24151,Leslie Lewis School,"4,249,854","4,043,429","3,796,590","-246,839",51,52,48,-4,5
22181,Lillian R. Nicholson STEM Academy,"5,613,562","5,236,605","5,243,393","6,788",56,55,51.8,-3.3,5
46321,Lincoln Park High School,"17,136,605","17,286,653","16,276,228","-1,010,425",175.5,168.5,167.5,-1,5
46511,Lindblom Math and Science Academy High School,"10,560,795","11,225,332","11,143,576","-81,756",114.5,115.6,119,3.4,5
32021,Lionel Hampton Fine and Performing Arts School,"5,305,434","5,319,513","5,296,735","-22,779",55,55.5,54,-1.5,5
13700,Literacy,"3,524,817","1,941,302","1,487,483","-453,819",17,8,7,-1,5
13705,Literacy - City Wide,0,"1,304,331",0,"-1,304,331",0,0,0,0,5
63161,Little Black Pearl,"2,095,900","1,737,526","1,631,340","-106,185",0,1,1,0,5
22521,Little Village Academy,"6,860,332","6,798,090","6,614,287","-183,803",73,70.5,71,0.5,5
49121,Little Village Multiplex,"536,022","-227,851",0,"227,851",7.5,4,4,0,5
41091,Logandale Middle School,"6,937,700","6,803,908","6,604,373","-199,535",72,69,67.5,-1.5,5
25221,Louis Armstrong Mathematics & Science Specialty School,525,250,0,-250,0,0,0,0,5
22031,Louis J Agassiz School,"5,456,881","5,054,625","4,900,576","-154,049",57.5,55.5,53.5,-2,5
24661,Louis Nettelhorst School,"6,500,567","6,843,126","6,563,572","-279,553",69,72,74,2,5
24851,Louis Pasteur School,"9,524,981","8,291,015","6,163,999","-2,127,017",97.5,97,63,-34,5
22041,Louisa May Alcott School,"7,867,904","8,184,750","8,222,416","37,666",82.5,84,90,6,5
69039,Lubavitch Girls High School,"40,443","23,960",0,"-23,960",0,0,0,0,5
25931,Ludwig Von Beethoven School,"4,530,630","4,364,119","4,016,699","-347,420",49,48,44,-4,5
24801,Luke O'Toole School,"4,073,033","3,846,065","3,715,504","-130,561",46,41,37.5,-3.5,5
22401,Luther Burbank School,"8,221,595","8,108,395","7,884,826","-223,569",83,84,80,-4,5
69382,Luther High School North,"73,244","20,447",0,"-20,447",0,0,0,0,5
69336,Lutheran Education Foundation,"229,531","495,252",0,"-495,252",0,0,0,0,5
69086,Lydia Home Association,"54,610","115,770","4,366","-111,404",0,0,0,0,5
69532,Lydia Urban Prep,"83,922","8,780",0,"-8,780",0,0,0,0,5
22391,Lyman A Budlong School,"6,903,596","6,689,140","6,292,137","-397,002",74,73,70,-3,5
25651,Lyman Trumbull School,"2,124","3,000",0,"-3,000",0,0,0,0,5
65021,Magic Johnson Brainerd,"1,574,379","1,452,187","1,495,654","43,467",0,0,0,0,5
65012,Magic Johnson Bridgescape Academy Roseland,"2,291,441","1,854,776","2,450,910","596,134",0,0,0,0,5
65022,Magic Johnson Englewood,"1,474,557","3,539,659","1,013,146","-2,526,513",0,0,0,0,5
65020,Magic Johnson Humboldt Park,"2,299,008","1,812,788","2,146,550","333,762",0,0,0,0,5
65011,Magic Johson Bridgescape Academy North Lawndale,"2,338,161","1,912,788","2,147,258","234,470",0,0,0,0,5
10845,Magnet-Gifted and IB Programs,"3,827,439","3,665,616","4,834,758","1,169,142",8,6,6,0,5
26651,Mahalia Jackson School,"4,268,065","3,798,786","3,711,959","-86,827",49,43,41,-2,5
25581,Mancel Talcott School,"5,107,676","5,167,215","5,294,578","127,362",53.5,55,59.5,4.5,5
53111,Manley Career Community Academy High School,"3,576,538","3,128,787","2,398,645","-730,141",43.5,31.5,28,-3.5,5
22861,Manuel Perez Jr Elementary School,"3,676,839","3,514,543","3,345,493","-169,049",37.5,36,33,-3,5
24951,Marcus Moziah Garvey School,"2,841,514","2,514,710","2,468,845","-45,865",31,28,25,-3,5
29151,Maria Saucedo Scholastic Academy,"9,636,853","8,779,711","8,781,380","1,670",108.5,106.5,95,-11.5,5
22921,Mariano Azuela Elementary School,"7,100,657","7,364,149","7,335,090","-29,058",81,79.5,78,-1.5,5
53101,Marie Sklodowska Curie Metropolitan High School,"27,578,049","27,934,553","26,573,165","-1,361,388",282.4,279.7,273.5,-6.2,5
41111,Marine Leadership Academy at Ames,"8,146,437","8,528,093","8,443,520","-84,572",79,83,85,2,5
49151,Marine Military Academy,"209,595","2,895",0,"-2,895",0,0,0,0,5
69386,Marist High School,"18,501","7,460",0,"-7,460",0,0,0,0,5
29201,Mark Sheridan Math & Science Academy,"4,704,731","5,060,800","4,696,223","-364,576",47,45,46,1,5
29281,Mark Skinner School,"7,981,089","8,013,070","7,542,895","-470,175",82,83,83,0,5
25661,Mark Twain School,"9,106,922","8,888,666","8,578,418","-310,248",91,87.5,86.5,-1,5
24341,Marquette Elementary,"9,973,507","9,487,184","9,228,006","-259,178",129,124,116,-8,5
25181,Martha M Ruggles Elementary School,"3,913,508","3,853,433","3,664,663","-188,770",40,38,38,0,5
22691,Marvin Camras Elementary School,"8,293,667","7,973,120","7,847,255","-125,865",85.5,84,83,-1,5
26421,Mary E Mcdowell Elementary School,"2,094,982","2,020,744","1,871,776","-148,968",22,20,22,2,5
24941,Mary G Peterson School,"7,118,395","7,023,262","7,070,283","47,021",78,80,79,-1,5
24281,Mary Lyon School,"11,309,600","11,466,615","11,485,949","19,334",110,113,111.5,-1.5,5
26611,Mary McLeod Bethune Elementary School of Excellence,"2,479",0,0,0,0,0,0,0,5
28021,Mason Multiplex,"38,309",0,0,0,0,0,0,0,5
69024,Master's Academy,"10,348",0,0,0,0,0,0,0,5
69197,Maternity Bvm School,"238,270","113,156",0,"-113,156",0,0,0,0,5
13717,Mathematics,"1,097,387","965,225",0,"-965,225",7,4,0,-4,5
29091,Matthew Gallistel Language Academy,"10,409,928","8,389,425","7,958,110","-431,316",112,91,80,-11,5
26591,Medgar Evers School,"3,461,155","3,204,976","3,156,748","-48,228",36,35,31,-4,5
44061,Medill Multiplex,"13,392",0,0,0,0,0,0,0,5
23271,Melville W Fuller,"3,289,392","3,228,836","3,092,763","-136,073",40,38,38,0,5
69063,Mercy Home for Boys,"141,515","150,393","22,408","-127,985",0,0,0,0,5
69013,Mercy Home for Girls,"12,941","11,298",0,"-11,298",0,0,0,0,5
69087,Methodist Youth Services,"133,882","195,750","29,159","-166,591",0,0,0,0,5
24371,Michael Faraday Elementary School,"3,345,387","3,295,401","2,947,367","-348,034",39,34.5,31,-3.5,5
22501,Michael M Byrne School,"5,396,499","5,569,892","5,573,634","3,742",57.5,57.5,58.5,1,5
41051,Michelle Clark Academic Prep Magnet High School,"6,051,619","6,236,699","5,803,312","-433,388",60,59,69,10,5
69438,Midwestern Christian Academy,"6,020",0,0,0,0,0,0,0,5
22491,Milton Brunson Specialty Elementary School,"5,180,704","4,981,336","4,761,598","-219,738",57.5,55.5,51,-4.5,5
23931,Minnie Mars Jamieson School,"7,409,801","7,739,125","7,435,102","-304,023",75,76,76,0,5
46251,Morgan Park High School,"13,723,933","13,500,215","13,064,937","-435,278",132.5,125.5,125.5,0,5
26091,Morton School of Excellence,"3,417,415","3,748,327","3,447,343","-300,983",45,46,42.5,-3.5,5
30041,Moses Montefiore Special School,"269,136","1,053",0,"-1,053",16,0,0,0,5
24591,Mount Greenwood Elementary School,"6,827,883","7,163,018","7,084,139","-78,879",71,72,78,6,5
24601,Mount Vernon Elementary School,"2,789,148","2,787,969","2,555,181","-232,788",31,28,28,0,5
66911,Moving Everest Charter School,"1,977,036","2,931,830","4,063,173","1,131,343",0,2,2,0,5
69550,Muhammad Univ,"61,373","84,228",0,"-84,228",0,0,0,0,5
55181,Multicultural Arts High School (at Little Village),"2,904,173","2,986,394","2,674,878","-311,516",32,30.5,27.5,-3,5
22291,Myra Bradwell Communication Arts & Sciences Academy,"6,112,349","5,560,766","5,133,324","-427,443",69,69,58,-11,5
66271,Namaste Charter School,"5,264,827","5,138,617","5,866,140","727,522",0,0,0,0,5
30011,Nancy B Jefferson Alternative School,"7,863,924","7,695,434","7,662,746","-32,688",64.4,59.9,58.4,-1.5,5
23491,Nathan Hale School,"7,645,929","8,117,401","7,420,874","-696,527",74,75,75,0,5
26561,Nathan R Goldblatt School,525,250,0,-250,0,0,0,0,5
22891,Nathan S Davis School & Annex,"7,086,832","7,041,190","7,210,247","169,057",76,72,75,3,5
23431,Nathanael Greene School,"5,414,125","5,232,191","4,668,341","-563,850",57,55,47.5,-7.5,5
32031,National Teachers' Academy (NTA),"5,616,839","5,957,680","6,333,795","376,116",61.5,61.7,64.7,3,5
53061,Neal F Simeon Vocational High School,"12,133,912","12,474,172","11,853,868","-620,304",130,126,131,5,5
30061,Near North Elementary School,"3,367",0,0,0,0,0,0,0,5
69458,Near North Montessori A,"36,540","68,433",0,"-68,433",0,0,0,0,5
2411,Network 1,"1,261,485","1,171,600","1,079,043","-92,557",8,8,8,0,4
2501,Network 10,"992,740","1,058,078","863,174","-194,904",6,5,6,1,4
2511,Network 11,"1,841,075","1,708,764","1,494,536","-214,228",11,11,10,-1,4
2521,Network 12,"1,319,330","1,133,140","1,058,376","-74,764",8,7,7,0,4
2531,Network 13,"1,559,024","1,623,606","1,366,229","-257,377",9,9,9,0,4
2421,Network 2,"1,234,269","1,285,966","1,047,590","-238,376",7,7,7,0,4
2431,Network 3,"1,527,123","1,497,499","1,748,988","251,489",10,11,13,2,4
2441,Network 4,"1,171,198","1,033,911","1,036,757","2,846",7,7,7,0,4
2451,Network 5,"1,508,989","1,337,351","1,089,871","-247,480",9,8,8,0,4
2461,Network 6,"1,391,801","1,231,244","1,173,653","-57,591",8,8,8,0,4
2471,Network 7,"1,385,718","1,110,902","1,019,828","-91,074",8,8,7,-1,4
2481,Network 8,"1,487,609","1,316,553","1,228,589","-87,963",9,9,9,0,4
2491,Network 9,"1,695,851","1,472,839","926,390","-546,448",9,9,7,-2,4
11110,Network Support,"9,872,337","2,408,727","2,934,027","525,300",83,11,19,8,5
22071,New Field School,"5,344,190","6,161,960","5,846,391","-315,569",58,61,65,4,5
69316,New Hope Lutheran,"48,646",0,0,0,0,0,0,0,5
69533,New Life Christian Academy,"13,948",0,0,0,0,0,0,0,5
13615,New School Development - City Wide,"499,443","768,731","1,000,000","231,269",0,0,0,0,5
66137,New UNO HS at 51st & St. Louis,"7,926,977","7,460,769","7,565,300","104,531",0,0,0,0,5
22171,Newton Bateman Elementary School,"8,298,959","8,413,249","8,342,447","-70,802",79,81,87,6,5
31101,Ninos Heroes Academic Center,"3,945,699","3,616,628","3,503,428","-113,200",39,36,36,0,5
66579,Noble - Mansueto High School,0,"2,108,651","4,588,065","2,479,414",0,0,0,0,5
66572,Noble Street Charter High School - Chicago Bulls College Prep Campus,"12,107,139","12,073,250","12,826,906","753,656",0,0,0,0,5
66146,Noble Street Charter High School - Comer Campus,"12,370,627","12,881,363","13,730,769","849,407",0,0,0,0,5
66148,Noble Street Charter High School - Englewood Campus,"9,692,417","9,709,364","10,247,599","538,235",0,0,0,0,5
66145,Noble Street Charter High School - Golder Campus,"7,739,898","7,487,275","8,027,159","539,884",0,0,0,0,5
66573,Noble Street Charter High School - Muchin College Prep Campus,"10,259,308","10,525,254","11,572,081","1,046,828",0,0,0,0,5
66142,Noble Street Charter High School - Pritzker College Prep Campus,"10,996,975","11,398,235","11,682,572","284,337",0,0,0,0,5
66143,Noble Street Charter High School - Rauner College Prep Campus,"7,282,362","7,320,139","8,018,419","698,280",0,0,0,0,5
66144,Noble Street Charter High School - Rowe Clark Campus,"6,946,248","6,923,536","6,850,627","-72,909",0,0,0,0,5
66147,Noble Street Charter High School - UIC Campus,"9,714,679","9,698,441","10,133,846","435,405",0,0,0,0,5
66141,Noble Street Charter School,"7,506,596","7,371,301","7,706,815","335,514",0,0,0,0,5
66578,Noble Street Charter School - The Noble Academy,"2,929,715","3,802,431","4,759,348","956,918",0,0,0,0,5
66149,Noble Street Charter School -ITW David Speer Academy,"7,995,407","9,560,086","11,348,487","1,788,401",0,0,0,0,5
66577,Noble Street Charter School- Baker College Prep (Orange),"4,521,434","4,538,200","4,287,040","-251,160",0,0,0,0,5
66576,Noble Street Charter School- Butler College Prep (Crimson),"4,891,359","6,921,766","7,365,918","444,153",0,0,0,0,5
66575,Noble Street Charter School- DRW College Prep (Purple),"7,139,807","6,491,521","6,886,654","395,133",0,0,0,0,5
66574,Noble Street Charter School-Hansberry College Prep (Silver),"9,070,101","8,310,713","8,698,789","388,076",0,0,0,0,5
22321,Norman Bridge School,"8,009,766","8,086,681","7,921,299","-165,382",78.5,82,80,-2,5
46431,North Grand High School,"9,494,674","9,469,949","9,506,313","36,364",92,94,104,10,5
66091,North Lawndale College Prep - Christiana,"4,510,176","4,344,197","4,345,601","1,405",0,2,2,0,5
66092,North Lawndale College Prep - Collins,"4,523,635","4,760,480","4,351,212","-409,267",0,0,0,0,5
69509,North Park Elementary School,"7,940","6,995",0,"-6,995",0,0,0,0,5
26841,North River Elementary School,"3,125,754","3,110,580","3,116,899","6,319",39,35.5,36.5,1,5
69327,North Shore SDA Junior Academy,"69,116","34,371",0,"-34,371",0,0,0,0,5
69115,Northside Cath Academy,"12,668",0,0,0,0,0,0,0,5
69145,Northside Cath Academy,"100,408","108,849",0,"-108,849",0,0,0,0,5
46061,Northside College Prep,"9,611,872","9,894,098","9,085,867","-808,231",88.5,91.5,93.5,2,5
49021,Northside Learning Center,"6,764,686","6,534,072","6,794,188","260,116",80,84,85,1,5
69315,Northwest Institute,"25,700","12,509",0,"-12,509",0,0,0,0,5
41121,Northwest Middle,"4,991,347","4,450,235","4,152,225","-298,011",49.5,49,46,-3,5
24711,Norwood Park Elementary School,"3,317,386","3,586,083","3,392,264","-193,819",34.5,37.5,36.5,-1,5
69393,Notre Dame High School,"61,891","3,011",0,"-3,011",0,0,0,0,5
12010,Nutrition Support Services,"2,391,028","2,220,447","2,267,350","46,902",28,27,26,-1,5
12050,Nutrition Support Services - City Wide,"143,645,209","131,779,927","126,229,301","-5,550,626",230,236,295,59,5
11671,ODLSS Instructional Supports: Access & Opportunities,"9,506,576","19,652",0,"-19,652",38.5,0,0,0,5
11672,ODLSS Instructional Supports: Diverse-Learner Supp,"9,357,327","11,443,827","10,364,234","-1,079,593",81,77,79,2,5
11674,ODLSS Instructional Supports: Network Supports,"67,306,850","71,228,711","70,710,689","-518,022",44,60,59,-1,5
11673,ODLSS Instructional Supports: Specially-Designed Instruction,"10,349,171","10,266,569","9,510,299","-756,270",71,72.5,72.5,0,5
69556,Oakdale Christian Academy,"301,617","153,361",0,"-153,361",0,0,0,0,5
69510,Office of Catholic Schools,"7,724,148","12,686,784",0,"-12,686,784",0,0,0,0,5
5281,Office of Education Options,"2,582,821","-132,982",0,"132,982",18,6,0,-6,4
10430,Office of Internal Audit and Compliance,"3,957,663","6,718,851","4,350,489","-2,368,362",8,18,16,-2,5
15500,Office of Planning and Data Management,"985,774","1,294,701","814,017","-480,684",6,9,6,-3,5
10811,Office of School Quality Measurement and Research,0,"2,221,018","2,145,354","-75,664",0,14,14,0,5
14050,Office of Student Health & Wellness,"6,231,407","7,239,302","6,365,426","-873,876",65,67,66,-1,5
69198,Old St. Mary School,0,"7,278",0,"-7,278",0,0,0,0,5
29301,Ole A Thorp Scholastic Academy,"6,917,312","7,182,486","7,058,199","-124,288",67,69.5,73.5,4,5
26381,Oliver S Westcott Elementary School,"3,864,249","3,993,085","3,898,815","-94,270",37.5,39,42,3,5
23831,Oliver Wendell Holmes School,"3,846,013","3,438,081","2,564,116","-873,965",29,30,28,-2,5
65014,Ombudsman Chicago - South,"6,007,878","4,517,135","4,535,577","18,442",0,0,0,0,5
65024,Ombudsman Chicago North,"877,164",0,0,0,0,0,0,0,5
65013,Ombudsman Chicago Northwest,"2,947,966","2,826,998","2,758,225","-68,773",0,0,0,0,5
65015,Ombudsman Chicago West,"5,894,268","4,006,531","4,193,416","186,886",0,0,0,0,5
24771,Oriole Park School,"5,087,248","5,326,310","5,234,700","-91,610",54.5,55.5,58,2.5,5
31281,Orozco Academy,"5,850,058","5,659,089","5,571,092","-87,997",52.5,60,59.5,-0.5,5
28151,Orr Academy,"4,814,791","4,691,398","4,033,619","-657,778",52.9,46,43,-3,5
22331,Orville T Bright Elementary School,"3,686,161","3,689,418","3,626,883","-62,535",43,39,41.5,2.5,5
26631,Oscar Depriest School,"6,889,305","6,428,153","5,987,864","-440,289",78,72,61,-11,5
24401,Oscar F Mayer Elementary School,"6,325,102","6,914,115","6,413,676","-500,439",71.5,73,75.5,2.5,5
12694,Other Government Funded,"947,522","2,100,081",0,"-2,100,081",0,0,0,0,5
69219,Our Lady Of Grace School,"156,441","84,755",0,"-84,755",0,0,0,0,5
69220,Our Lady Of Guadalupe School,"188,072","99,157",0,"-99,157",0,0,0,0,5
69069,Our Lady Of Tepeyac,"249,210","134,735",0,"-134,735",0,0,0,0,5
69230,Our Lady Of The Snows School,"140,229","92,661",0,"-92,661",0,0,0,0,5
69233,Our Lady Of Victory School,"82,468","2,794",0,"-2,794",0,0,0,0,5
69084,Our Lady of Charity,"7,907",479,0,-479,0,0,0,0,5
69405,Our Lady of Tepeyac High School,"68,374","65,488",0,"-65,488",0,0,0,0,5
69501,P L A I D Academy,"179,985","57,559",0,"-57,559",0,0,0,0,5
24011,Pablo Casals,"3,847,043","3,755,112","3,685,650","-69,461",49,47,44,-3,5
24841,Park Manor Elementary School,"3,656,218","3,281,789","3,068,718","-213,071",32,36,31,-5,5
28031,Parker Multiplex,"25,171",0,0,0,0,0,0,0,5
31201,Parkside Community Academy School,"3,031,926","2,799,328","2,712,753","-86,576",37,32,32,0,5
69534,Pass It On Academy,"55,781","52,084",0,"-52,084",0,0,0,0,5
66191,Passages Charter School,"4,306,301","4,598,168","5,142,198","544,030",0,0,0,0,5
65018,Pathways in Education,"2,622,611","2,356,794","1,939,523","-417,270",0,0,0,0,5
65016,Pathways in Education Avondale,"2,876,773","2,626,404","2,083,016","-543,389",0,0,0,0,5
66801,Pathways in Education Brighton Park,"3,767,866","3,208,975","3,128,813","-80,162",0,0,0,0,5
23731,Patrick Henry School,"5,263,205","4,827,092","4,285,169","-541,923",55.5,50,43.5,-6.5,5
23881,Paul Cuffe Elementary School,"4,100,691","3,703,509","3,251,807","-451,702",40,38,33,-5,5
25121,Paul Revere Accelerated School,"2,672,858","2,550,347","2,280,743","-269,603",31,27,26,-1,5
46121,Paul Robeson High School,"3,453,371","2,878,478","2,309,336","-569,142",38,30.5,26.5,-4,5
12450,Payroll Services,"2,555,371","2,112,693","2,156,548","43,855",31,23,23,0,5
67021,Peace and Education Coalition High School,"3,063,093","2,955,517","2,983,105","27,588",37.5,35,34,-1,5
28191,Penn Multiplex,"5,515",0,0,0,0,0,0,0,5
12470,Pension & Liability Insurance - City Wide,"552,239,634","616,009,108","651,744,029","19,734,921",0,0,0,0,5
46401,Percy L Julian High School,"8,765,037","8,576,847","6,408,879","-2,167,968",86,80,67,-13,5
22161,Perkins Bass School,"4,548,834","4,461,982","4,124,636","-337,346",50,46,45,-1,5
11952,Pershing East,0,"3,155",0,"-3,155",0,0,0,0,5
66056,Perspectives - Math and Science Academy,"6,321,858","5,403,004","5,381,554","-21,450",0,0,0,0,5
66052,Perspectives Charter School - Calumet Campus,"6,545,168","5,607,010","5,462,702","-144,308",0,0,0,0,5
66051,Perspectives Charter School - Rodney D. Joslin Campus,"4,763,377","4,720,744","4,975,543","254,799",0,0,0,0,5
66053,Perspectives Charter School- Calumet High School of Technology,"4,961,350","4,410,339","4,224,208","-186,131",0,0,0,0,5
25111,Peter A Reinberg,"8,153,029","8,122,777","7,774,704","-348,072",85,82,83,1,5
22831,Peter Cooper Dual Language Academy,"5,539,067","5,094,605","4,816,671","-277,934",59.5,58.5,53,-5.5,5
69329,Philadephia School of the Arts,"22,897",0,0,0,0,0,0,0,5
22061,Philip D Armour School,"3,170,979","3,042,526","2,736,981","-305,545",37.5,35,34,-1,5
29221,Philip Murray Language Academy,"4,627,799","4,567,452","4,587,883","20,431",44,43,42.5,-0.5,5
25141,Philip Rogers School,"6,722,395","6,664,268","6,613,161","-51,107",69,69,69.5,0.5,5
23671,Phoebe Apperson Hearst School,"4,176,306","4,684,309","4,569,896","-114,412",45,50,56,6,5
55011,Phoenix Military Academy,"7,530,819","6,194,710","5,611,742","-582,968",53,53.4,52.2,-1.2,5
31141,Pilsen Community Academy,"4,401,284","4,330,116","3,452,679","-877,437",50.5,48,42,-6,5
63021,Plato Learning Academy,"5,048,690","4,500,741","4,454,491","-46,250",0,0,0,0,5
67081,Polaris Charter Academy,"4,342,578","4,312,361","4,755,527","443,166",0,0,0,0,5
69101,Pope John Paul II/Five Holy Martyrs,"358,834","285,609",0,"-285,609",0,0,0,0,5
25011,Portage Park Elementary School,"7,951,816","7,865,939","7,316,037","-549,902",81,79,78,-1,5
69324,Prigrim Lutheran SchoolA,"23,301","13,965",0,"-13,965",0,0,0,0,5
26851,Princeton AC,"6,699","5,857",0,"-5,857",0,0,0,0,5
2541,Principal Quality,0,"7,290,136","7,460,738","170,602",0,47,48,1,4
12210,Procurement and Contracts Office,"2,253,419","2,605,777","2,218,396","-387,381",21,12,19,7,5
65017,Prologue - Winnie Mandela High School,"1,225,411",0,0,0,1,0,0,0,5
66491,Prologue Early College High School,"2,128,050","1,000",0,"-1,000",0,0,0,0,5
66581,Prologue-Joshua Johnston Charter School,"2,394,758","2,261,214",0,"-2,261,214",0,0,0,0,5
69395,Providence - St. Mel School High Schol,"1,900","2,400",0,"-2,400",0,0,0,0,5
66471,Providence Englewood Charter School - Bunche Campus,"4,666,107","4,532,167","5,172,655","640,488",0,0,0,0,5
69504,Pui Tak Christian School,"89,407","45,483",0,"-45,483",0,0,0,0,5
69254,Queen Of Angels School,"118,177","63,570",0,"-63,570",0,0,0,0,5
69256,Queen Of The Universe School,"202,498","128,619",0,"-128,619",0,0,0,0,5
26031,R Nathaniel Dett,"4,370,664","4,219,263","3,899,361","-319,903",51,48,43,-5,5
22601,Rachel Carson Elementary School,"8,995,872","8,843,249","8,214,445","-628,804",101,97.5,99,1.5,5
31061,Ralph H Metcalfe Community Academy Elementary School,"4,233,257","3,793,040","3,419,283","-373,757",43,38,31,-7,5
25061,Ravenswood School,"4,643,930","4,898,201","4,756,969","-141,232",49.5,50.5,50,-0.5,5
49101,Ray Graham Training Center,"4,315,305","4,119,980","4,247,258","127,279",50,50,50,0,5
11910,Real Estate,"17,771,658","16,278,113","17,002,547","724,435",7,5,5,0,5
23081,Richard Edwards School,"12,687,467","12,710,952","12,771,276","60,324",128.5,132.5,138,5.5,5
26331,Richard Henry Lee School,"7,401,710","7,505,096","7,047,866","-457,230",72,72,70.5,-1.5,5
25951,Richard J Daley Academy,"5,329,531","5,256,365","5,009,520","-246,845",55.5,51,51,0,5
24741,Richard J Oglesby School,"4,929,038","4,569,219","4,659,698","90,478",47.5,52,51,-1,5
46081,Richard T Crane Tech Prep Comm On School,"23,078","6,679",0,"-6,679",0,0,0,0,5
46641,Richard T. Crane (RTC) Medical Preparatory High School,"4,783,883","5,499,030","4,822,483","-676,547",50.2,57,53.5,-3.5,5
25911,Richard Yates Elementary School,"6,226,922","6,235,183","5,608,564","-626,619",73,65.5,64,-1.5,5
12460,Risk Management,"8,134,128","8,887,223","7,000,120","-1,887,103",5,1,1,0,5
46031,Roald Amundsen High School,"10,948,249","11,637,203","11,153,645","-483,558",109,110,111,1,5
29381,Robert A Black Magnet School,"4,396,114","4,144,690","3,848,786","-295,904",42,40.5,39,-1.5,5
23121,Robert Emmet School,"1,175",250,0,-250,0,0,0,0,5
23281,Robert Fulton School,"4,161,677","3,881,746","3,641,993","-239,754",47,42,39,-3,5
23651,Robert Healy School,"10,715,518","10,924,579","10,522,851","-401,728",102.5,106,103,-3,5
23381,Robert J. Richardson Middle School,0,"4,966,679","9,628,523","4,661,844",0,0,89,89,5
23461,Robert L Grimes School,"3,943,700","3,969,372","3,717,588","-251,784",45.5,44.5,42.5,-2,5
51091,Roberto Clemente Community Academy High School,"9,110,657","8,307,520","8,093,312","-214,208",100,92,93,1,5
50111,Robeson Academic Transition HS,"2,119",0,0,0,0,0,0,0,5
68050,Rockne Stadium,0,"6,450",0,"-6,450",0,0,0,0,5
24101,Rodolfo Lozano Bilingual & International Center,"3,280,283","3,101,075","3,068,491","-32,584",37.5,36,37,1,5
46301,Roger C Sullivan High School,"6,941,107","7,401,090","8,168,690","767,600",67,75,85.5,10.5,5
69248,Rogers Park Montessori School,"14,200","44,655",0,"-44,655",0,0,0,0,5
26301,Ronald E McNair Elementary School,"4,434,645","4,748,638","4,806,403","57,765",51.5,56.5,61,4.5,5
24631,Ronald H Brown Community Academy,"3,247,646","3,409,588","3,607,296","197,708",30.5,30.5,34.5,4,5
24381,Roswell B Mason Elementary School,"4,392,476","4,113,029","3,809,919","-303,109",43.5,41,39,-2,5
66571,Rowe Elementary School,"8,251,699","9,101,877","10,813,908","1,712,031",4,6,6,0,5
30101,Ruben Salazar Bilingual Education Center School,"3,507,113","3,591,576","3,294,245","-297,330",36,35,34,-1,5
66921,Rudy Lozano Leadership Academy - Mastery Campus (RLLAM),"648,307","466,524","441,597","-24,927",0,0,0,0,5
24081,Rudyard Kipling School,"3,596,243","3,193,306","2,858,482","-334,824",37,34,31,-3,5
23811,Rufus M Hitch School,"4,530,986","4,835,544","4,479,044","-356,500",44.5,46.5,45.5,-1,5
22711,STEM Magnet Academy,"3,407,670","3,750,801","3,788,313","37,512",38,41,40.5,-0.5,5
69270,Sacred Heart School,"149,090","61,357",0,"-61,357",0,0,0,0,5
66011,Safe Schools Alternative,"2,102,140","2,720,698","2,088,496","-632,203",0,0,0,0,5
10615,Safety and Security - City Wide,"26,047,788","25,984,127","28,361,216","2,377,088",151,151,149,-2,5
69545,Salem Alternative Christian Ac Ademy,"5,000",0,0,0,0,0,0,0,5
69389,Salem Christian School,"101,267","43,660",0,"-43,660",0,0,0,0,5
22701,Salmon P Chase School,"5,170,843","5,287,304","5,162,845","-124,459",55,57,60.5,3.5,5
69142,San Miguel School,"129,158","57,681",0,"-57,681",0,0,0,0,5
69207,Sanders Academy,"33,780","18,577",0,"-18,577",0,0,0,0,5
26721,Sandoval Elementary School,"8,680,490","8,303,140","7,975,017","-328,123",92,86,81,-5,5
69184,Santa Lucia School,"40,029","19,291",0,"-19,291",0,0,0,0,5
46611,Sarah E. Goode STEM Academy,"8,355,538","8,333,295","7,971,202","-362,093",88,89,87.5,-1.5,5
25211,Sauganash Elementary School,"4,307,734","4,473,065","3,985,474","-487,592",41.5,42.5,41.5,-1,5
10610,School Safety and Security Office,"6,472,180","6,231,206","6,658,792","427,586",54,43,43,0,5
15010,School Support Center - City Wide,"3,202,417","6,571,693","8,906,731","2,335,038",37,29,88,59,5
11940,School Transportation - City Wide,"109,075,125","107,518,226","118,154,679","10,636,453","1,012.00",885,805,-80,5
55171,School of Social Justice (at Little Village),"3,476,020","3,701,643","3,415,652","-285,991",35.5,34,36.5,2.5,5
13716,Science,"740,346","782,697",0,"-782,697",4,5,0,-5,5
10871,Science Technology Engineering & Math (STEM) Programs,"3,768,053","3,778,055","2,721,851","-1,056,204",4,3,12,9,5
22281,Scott Joplin School,"4,084,079","3,894,045","3,775,617","-118,427",39.5,36,38,2,5
47061,Senn Metropolitan Academy Of Liberal Arts & Technology,"12,749,680","13,148,251","13,593,653","445,402",134,135,146,11,5
69068,Seton Academy High School,"3,722",0,0,0,0,0,0,0,5
28041,Shakespeare Multiplex,"42,483","53,212",0,"-53,212",0,0,0,0,5
23551,Sharon Christa Mcauliffe Elementary School,"6,190,101","6,282,340","6,080,877","-201,463",62,65,65,0,5
25231,Sidney Sawyer School,"13,019,650","12,658,919","12,108,787","-550,132",130.5,130,126.5,-3.5,5
49051,Simpson Academy for Young Women,"2,002,877","1,876,352","1,857,097","-19,255",19,18,17,-1,5
29391,Sir Miles Davis Magnet,"3,491,871","3,362,696","3,221,263","-141,433",35,31,30,-1,5
22591,Skinner North,"3,659,337","3,941,272","3,725,773","-215,498",39,37.5,39.5,2,5
10813,Social Science & Civic Engagement,0,"1,280,729","1,114,021","-166,708",0,6,5,-1,5
10895,Social and Emotional Learning,"3,077,230","2,205,352","2,172,586","-32,765",18,10,9,-1,5
10898,Social and Emotional Learning - City Wide,"10,841,198","10,045,603","10,460,775","415,172",17,18,21,3,5
23751,South Loop School,"6,345,419","5,587,282","5,292,052","-295,230",72.5,60,57,-3,5
22251,South Shore Fine Arts Academy,"4,866,640","4,450,863","4,432,336","-18,527",60.5,57.5,54.5,-3,5
46631,South Shore International College Prep High School,"6,033,555","6,124,467","6,280,066","155,599",65,64,66,2,5
55081,South Shore School of Leadership,300,0,0,0,0,0,0,0,5
22631,Southeast Area Elementary School,"21,808","4,080,724","4,228,802","148,077",0,34,47,13,5
49031,Southside Occupational Academy,"6,516,129","7,223,968","7,304,524","80,556",80,95,95.5,0.5,5
13737,Sports Administration - City Wide,"15,268,435","17,667,348","16,691,944","-975,404",8,12,16,4,5
46461,Spry Community Links High School,"2,151,269","2,116,249","1,981,464","-134,785",20,21,20,-1,5
69029,St Ailbe,"255,428","212,448",0,"-212,448",0,0,0,0,5
69033,St Alphonsus,"23,284","11,218",0,"-11,218",0,0,0,0,5
69037,St Angela School,"145,602","71,138",0,"-71,138",0,0,0,0,5
69038,St Ann School,"94,471","51,764",0,"-51,764",0,0,0,0,5
69049,St Barbara,"38,092","21,021",0,"-21,021",0,0,0,0,5
69050,St Barnabas School,"4,944","1,593",0,"-1,593",0,0,0,0,5
69051,St Bartholomew School,"99,778","54,071",0,"-54,071",0,0,0,0,5
69053,St Bede The Venerable School,"99,182","67,380",0,"-67,380",0,0,0,0,5
69404,St Benedict High School G&B,"60,890","29,970",0,"-29,970",0,0,0,0,5
69054,St Benedict School,"102,769","86,046",0,"-86,046",0,0,0,0,5
69064,St Bruno School,"97,561","72,591",0,"-72,591",0,0,0,0,5
69074,St Christina School,0,"2,443",0,"-2,443",0,0,0,0,5
69082,St Constance School,"39,328","34,799",0,"-34,799",0,0,0,0,5
69083,St Cornelius School,"13,282",0,0,0,0,0,0,0,5
69091,St Dorothy School,"12,183",0,0,0,0,0,0,0,5
69092,St Edward School,"133,410","84,378",0,"-84,378",0,0,0,0,5
69093,St Elizabeth School,"140,855","18,585",0,"-18,585",0,0,0,0,5
69095,St Ethelreda School,"197,144","143,941",0,"-143,941",0,0,0,0,5
69098,St Ferdinand School,"167,725","113,567",0,"-113,567",0,0,0,0,5
69102,St Florian School,"34,771",0,0,0,0,0,0,0,5
69105,St Francis Borgia School,"20,418","7,204",0,"-7,204",0,0,0,0,5
69109,St Gabriel School,"123,946","84,350",0,"-84,350",0,0,0,0,5
69110,St Gall School,"101,184","32,589",0,"-32,589",0,0,0,0,5
69111,St Genevieve School,"138,026","91,018",0,"-91,018",0,0,0,0,5
69120,St Helen School,"117,394","83,177",0,"-83,177",0,0,0,0,5
69137,St Hyacinth,"18,188",0,0,0,0,0,0,0,5
69411,St Ignatius College Prep,"17,580",0,0,0,0,0,0,0,5
69148,St Jane De Chantal School,"40,102","30,495",0,"-30,495",0,0,0,0,5
69151,St Jerome School,"43,958","19,810",0,"-19,810",0,0,0,0,5
69154,St John Berchmans School,"49,690","28,430",0,"-28,430",0,0,0,0,5
69156,St John De La Salle School,"460,196","231,177",0,"-231,177",0,0,0,0,5
69158,St John Fisher School,"3,476",0,0,0,0,0,0,0,5
69328,St John Lutheran School,"54,555","30,376",0,"-30,376",0,0,0,0,5
69491,St Luke Lutheran School,"86,380","71,225",0,"-71,225",0,0,0,0,5
69180,St Malacy School,"319,178","166,000",0,"-166,000",0,0,0,0,5
69182,St Margaret Of Scotland School,"431,703","239,095",0,"-239,095",0,0,0,0,5
69181,St Margaret School,"60,356",0,0,0,0,0,0,0,5
69189,St Mary Of The Angels School,"32,594","30,286",0,"-30,286",0,0,0,0,5
69190,St Mary Of The Lake School,"244,985","142,210",0,"-142,210",0,0,0,0,5
69196,St Mary Of The Woods School,"6,598",0,0,0,0,0,0,0,5
69195,St Mary Star Of The Sea School,"45,935","76,531",0,"-76,531",0,0,0,0,5
69199,St Matthias School,"80,209","38,383",0,"-38,383",0,0,0,0,5
69204,St Michael School,"281,953","90,511",0,"-90,511",0,0,0,0,5
69210,St Nicholas Cathedral School,"39,369","180,200",0,"-180,200",0,0,0,0,5
69212,St Nicholas Of Tolentine School,"438,995","249,375",0,"-249,375",0,0,0,0,5
69236,St Pascal School,"130,607","64,186",0,"-64,186",0,0,0,0,5
69420,St Patrick High School - Boys,"148,944","65,375",0,"-65,375",0,0,0,0,5
69332,St Paul Lutheran School,"207,396","101,326",0,"-101,326",0,0,0,0,5
69245,St Philip Neri School,"485,833","306,627",0,"-306,627",0,0,0,0,5
69247,St Pius V,"122,559","70,319",0,"-70,319",0,0,0,0,5
69260,St Richard School,"84,723","91,562",0,"-91,562",0,0,0,0,5
69262,St Robert Bellarmine School,"99,746","59,484",0,"-59,484",0,0,0,0,5
69267,St Sabina School,"645,411","335,850",0,"-335,850",0,0,0,0,5
69277,St Stanislaus - Kosta,"75,693","34,012",0,"-34,012",0,0,0,0,5
69279,St Sylvester School,"98,121","19,825",0,"-19,825",0,0,0,0,5
69280,St Symphorosa School,"64,481","70,813",0,"-70,813",0,0,0,0,5
69285,St Therese School,"123,531","68,226",0,"-68,226",0,0,0,0,5
69288,St Thomas Of Canterbury School,"319,184","177,528",0,"-177,528",0,0,0,0,5
69286,St Thomas The Apostle School,"154,905","49,368",0,"-49,368",0,0,0,0,5
69292,St Turibius School,"31,165",0,0,0,0,0,0,0,5
69294,St Viator School,"110,246","76,547",0,"-76,547",0,0,0,0,5
69298,St Walter School,"49,680","36,494",0,"-36,494",0,0,0,0,5
69300,St William School,"129,614","79,811",0,"-79,811",0,0,0,0,5
69239,St. Agatha (PreK-3),"32,692",0,0,0,0,0,0,0,5
69113,St. Catherine of Siena - St. Lucy School,0,"30,102",0,"-30,102",0,0,0,0,5
69080,St. Columbanus School,"59,394","189,116",0,"-189,116",0,0,0,0,5
69071,St. Frances of Rome,"5,437",75,0,-75,0,0,0,0,5
69107,St. Francis de Sales HS,"39,030","1,989",0,"-1,989",0,0,0,0,5
69123,St. Hilary School,"87,742","56,566",0,"-56,566",0,0,0,0,5
69570,St. James Lutheran,"3,750","11,565",0,"-11,565",0,0,0,0,5
69081,St. Joseph School,"79,975","61,285",0,"-61,285",0,0,0,0,5
69168,St. Juliana School,"3,740","1,622",0,"-1,622",0,0,0,0,5
69337,St. Philip Lutheran,"2,240",350,0,-350,0,0,0,0,5
69281,St. Tarcissus School,0,"1,359",0,"-1,359",0,0,0,0,5
68060,Stagg Stadium,"18,825","36,555",0,"-36,555",0,0,0,0,5
29031,Stephen Decatur Classical School,"2,370,239","2,425,693","2,517,507","91,814",24,24.5,23,-1.5,5
31081,Stephen F Gale Community Academy,"4,508,342","4,483,529","4,342,127","-141,401",49.5,50,49.5,-0.5,5
23621,Stephen K Hayt School,"7,655,610","8,161,430","8,038,709","-122,721",79.5,81,85,4,5
46241,Stephen T Mather High School,"14,161,816","14,017,049","12,702,521","-1,314,528",140,132,121,-11,5
29291,Stone Scholastic Academy,"5,617,667","5,964,222","5,403,484","-560,738",56,56,57,1,5
11371,Student Support and Engagement,"13,840,996","11,994,632","14,320,659","2,326,027",23,18,17,-1,5
10875,Student Support and Engagement - City Wide,"8,134,366","8,865,617","7,841,849","-1,023,768",30,34,34,0,5
11870,Student Transportation Services,"4,908,560","4,711,211","3,505,213","-1,205,999",45,34,33,-1,5
26881,Suder Montessori Magnet School,"4,015,161","4,245,588","4,209,817","-35,771",51.5,52.5,54.5,2,5
49161,TEAM Englewood Community Academy,"3,841,591","2,921,870","2,532,812","-389,057",42,33.5,29,-4.5,5
11010,Talent Office,"9,684,205","14,124,083","15,336,768","1,212,685",72,72.2,77.2,5,5
26781,Talman School,"4,091,321","4,051,342","4,067,645","16,303",48,47.5,46,-1.5,5
26791,Tarkington School of Excellence,"7,809,064","7,899,580","7,495,011","-404,569",88.5,88.5,89,0.5,5
29361,Ted Lenart Regional Gifted Center,"2,458,237","2,391,655","2,328,642","-63,014",23,24,25,1,5
23231,Telpochcalli,"3,580,536","3,556,006","3,405,554","-150,452",39,35.5,35.5,0,5
69022,The Cambridge School,"102,667","54,042",0,"-54,042",0,0,0,0,5
66591,The Montessori School of Englewood Charter,"2,413,697","2,598,522","2,837,062","238,540",0,0,2,2,5
23771,Theodore Herzl School,"6,125,611","6,370,665","7,022,732","652,067",81,85.5,93,7.5,5
46271,Theodore Roosevelt High School,"12,025,400","12,326,817","10,833,147","-1,493,670",124.5,110,111,1,5
25391,Theophilus Schmid School,"2,413,434","2,325,930","2,339,562","13,632",25.5,25,27,2,5
29011,Thomas A Edison Regional Gifted Center,"2,346,769","2,254,747","2,244,724","-10,023",23.5,22,22,0,5
31121,Thomas A Hendricks Community Academy,"2,978,350","3,121,131","3,241,973","120,843",30.5,29.5,38,8.5,5
22671,Thomas Chalmers Specialty School,"3,707,883","3,482,643","3,255,032","-227,611",41,42,44,2,5
23021,Thomas Drummond Elementary School,"3,465,757","3,524,547","3,234,065","-290,482",40,40.5,37.5,-3,5
23871,Thomas Hoyne School,"2,612,154","2,445,863","2,426,864","-18,999",22,23.5,24,0.5,5
31251,Thomas J Higgins Community Academy,"3,445,606","3,243,743","2,800,427","-443,316",33.5,31.5,29,-2.5,5
25781,Thomas J Waters School,"4,394,639","4,613,661","4,355,908","-257,753",41.5,41,44,3,5
46181,Thomas Kelly High School,"23,555,728","20,742,829","17,591,164","-3,151,665",203.5,198.5,173,-25.5,5
41081,Thurgood Marshall Middle School,"1,660,275","564,164",0,"-564,164",17.5,16,0,-16,5
28271,Tilton Multiplex,"37,310","18,200",0,"-18,200",0,0,0,0,5
13740,Title I and School Improvement Programs,"650,167","1,129,932","374,998","-754,933",5,10,3,-7,5
13745,Title I and School Improvement Programs - City Wide,"461,179","1,006,221",0,"-1,006,221",4,0,0,0,5
12440,Treasury,"1,876,823","1,527,036","1,682,736","155,700",7,3,7,4,5
29041,Turner-Drew Language Academy,"3,302,530","2,982,384","2,941,583","-40,801",33,30,30,0,5
69055,UCAN,"89,782","120,057",0,"-120,057",0,0,0,0,5
66399,UNO 51st and Homan Charter Elementary School,"5,940,887","5,692,344","6,773,989","1,081,645",0,0,0,0,5
66392,UNO Charter School - Bartolom de las Casas Campus,"3,063,419","2,982,239","3,367,554","385,315",0,0,0,0,5
66393,UNO Charter School - Carlos Fuentes Campus,"6,006,269","5,822,270","6,567,368","745,098",0,0,0,0,5
66394,UNO Charter School - Major Hector P. Garcia MD Campus,"7,612,866","7,461,048","7,735,346","274,298",0,0,0,0,5
66133,UNO Charter School - Near West Elementary Campus,"6,094,462","5,838,361","6,694,524","856,163",0,0,0,0,5
66134,UNO Charter School - Northside Elementary Campus,"8,851,570","8,442,032","8,856,055","414,023",0,0,0,0,5
66131,UNO Charter School - Octavio Paz Campus,"4,419,240","4,020,974","4,856,072","835,098",0,0,0,0,5
66396,UNO Charter School - PFC Omar E. Torres Campus,"6,541,721","6,149,545","6,734,143","584,598",0,0,0,0,5
66391,UNO Charter School - Rufino Tamayo Campus,"3,123,297","3,008,293","3,400,495","392,202",0,0,0,0,5
66395,UNO Charter School - SPC Daniel Zizumbo Campus,"6,677,629","6,303,998","6,742,765","438,768",0,0,0,0,5
66398,UNO Charter School - Sandra Cisneros Campus,"6,047,701","5,705,971","6,593,694","887,724",0,0,0,0,5
66601,UNO Charter School - UNO Elementary School Campus .,"3,276,957","3,204,472","3,324,899","120,427",0,0,0,0,5
66602,UNO Charter School Network - 15 (Brighton Park),"6,011,078","5,942,049","6,848,908","906,859",0,0,0,0,5
66397,UNO Charter School- Officer Donald Marquez Campus,"6,050,444","6,010,026","6,754,630","744,604",0,0,0,0,5
69318,Unity Lutheran East,"58,189","57,594",0,"-57,594",0,0,0,0,5
69125,Unity Lutheran West,"49,101","42,204",0,"-42,204",0,0,0,0,5
66321,University of Chicago Charter School - Donoghue Campus,"4,752,374","4,601,264","5,331,118","729,854",4,3,3,0,5
66111,University of Chicago Charter School - North Kenwood/Oakland (NKO) Camp,"3,205,565","3,183,780","3,524,987","341,207",0,0,0,0,5
66112,University of Chicago Charter School - Woodlawn Campus,"7,219,869","6,854,598","6,873,048","18,450",6,6,5,-1,5
66113,University of Chicago Charter School - Woodson South Campus,"3,221,370","3,014,203","3,223,562","209,359",4,4,4,0,5
69157,University of Chicago Lab,0,"4,180",0,"-4,180",0,0,0,0,5
26861,Uplift Community High School,"3,794,046","3,978,280","3,742,418","-235,862",41.5,44.5,44.5,0,5
69188,Urban Prairie Waldorf,0,"13,955",0,"-13,955",0,0,0,0,5
66441,Urban Prep Academy for Young Men Charter School-Englewood Campus,"5,057,372","3,716,493","3,905,788","189,295",0,0,0,0,5
66442,Urban Prep Charter Academy for Young Men High School - Bronzeville Camp,"4,616,294","4,170,356","3,939,411","-230,945",2,2,2,0,5
63071,Urban Prep Charter Academy for Young Men High School - West Campus,"3,929,218","3,120,517","3,063,356","-57,161",2,2,2,0,5
46621,VOISE Academy High School,"2,098,966","3,966,771","3,656,945","-309,826",21,37,45,8,5
26891,Velma Thomas Early Childhood Center,"2,765,533","2,818,327","2,984,710","166,383",32.5,33.5,34.5,1,5
69032,Village Leadership Academy,"293,394","65,981",0,"-65,981",0,0,0,0,5
23361,Virgil Grissom School,"3,099,149","3,245,870","3,239,734","-6,136",30,29.8,33,3.2,5
69296,Visitation Campus School,"230,566","112,023",0,"-112,023",0,0,0,0,5
29401,Walt Disney Magnet School,"12,939,514","13,144,768","11,734,093","-1,410,675",133,130,129.5,-0.5,5
46681,Walter Henri Dyett High School for the Arts,0,"2,483,911","3,328,690","844,779",0,21,34,13,5
29231,Walter L Newberry Mathematics & Science Academy,"5,581,065","5,692,863","5,407,532","-285,331",56,59,59.5,0.5,5
70020,Walter Payton College Preperatory HS,"8,522,167","9,894,323","8,745,717","-1,148,605",82.2,85.8,89.9,4.1,5
23451,Walter Q Gresham Elementary School,"3,252,051","3,193,463","3,189,661","-3,802",40.5,39,39,0,5
30031,Walter S Christopher School,"7,468,209","8,084,542","7,364,897","-719,644",88,99,94,-5,5
25401,Washington D Smyser School,"7,548,282","7,637,549","7,470,009","-167,540",77,77,76,-1,5
24881,Washington Irving School,"4,880,484","4,700,150","4,182,549","-517,601",54,54,47,-7,5
24811,Wells Preparatory School,"4,175,121","4,053,186","3,505,504","-547,682",42,37,35,-2,5
24131,Wendell E Green,"3,633,424","3,922,846","3,595,303","-327,543",34.5,36,34,-2,5
46261,Wendell Phillips Academy,"7,147,399","6,817,004","5,938,302","-878,702",77,76,70,-6,5
23641,Wendell Smith,"3,565,485","3,596,797","3,208,041","-388,757",39,39,35,-4,5
24721,West Park Academy,"5,293,402","5,376,266","5,308,697","-67,570",55,53,53,0,5
22381,West Ridge Elementary School,"6,478,691","6,824,447","6,948,344","123,897",66,68.5,75,6.5,5
47101,Whitney M Young Magnet High School,"17,436,828","17,899,161","16,729,543","-1,169,618",170,160.5,165,4.5,5
25881,Wildwood School,"4,345,657","4,329,658","4,138,279","-191,378",45,44.5,44,-0.5,5
26021,Willa Cather School,"3,918,536","4,003,244","3,779,234","-224,010",40.5,36,40,4,5
24732,William B Ogden Branch,0,500,0,-500,0,0,0,0,5
24731,William B Ogden School,"13,066,788","13,726,159","13,460,648","-265,511",149.7,145,152.5,7.5,5
29241,William Bishop Owen Scholastic Academy School,"2,689,604","2,757,861","2,756,678","-1,183",26.5,26.5,26.5,0,5
23371,William C Goudy School,"6,680,588","6,435,490","6,065,984","-369,506",69.5,66,62.5,-3.5,5
25091,William Claude Reavis School,"2,864,876","2,641,997","2,522,188","-119,809",29.5,31,29,-2,5
26601,William E B Dubois School,"2,486,353","2,648,766","2,830,748","181,982",27,27,28.5,1.5,5
22941,William E Dever School,"6,319,453","6,121,363","6,094,197","-27,167",64.5,65.5,65.5,0,5
23541,William F Finkl,"4,360,178","4,183,381","4,132,693","-50,687",48.5,47,48,1,5
23801,William G Hibbard School,"9,373,379","8,916,642","8,077,890","-838,752",98,91,83.5,-7.5,5
22351,William H Brown Elementary School,"3,415,133","3,808,888","3,775,087","-33,800",34.5,38.5,42.5,4,5
24031,William H King School,372,471,0,-471,0,0,0,0,5
25021,William H Prescott School,"3,099,881","3,325,923","3,482,300","156,377",31.5,32.5,36.5,4,5
25071,William H Ray School,"6,177,570","6,383,061","6,030,399","-352,661",63,68,65.8,-2.2,5
25191,William H Ryder Math/Science Specialty School,"4,664,187","4,681,390","4,737,920","56,530",44.5,56,54,-2,5
25301,William H Seward Communication Arts Academy,"6,878,749","6,394,839","6,182,240","-212,599",70.5,67,65.5,-1.5,5
51071,William H Wells Community Academy High School,"6,102,098","5,153,674","4,790,806","-362,867",66,55.5,48.5,-7,5
46311,William Howard Taft High School,"24,860,890","25,640,147","24,468,861","-1,171,286",246,247,251,4,5
46041,William J Bogan Computer Technical High School,"10,003,950","9,157,882","8,675,971","-481,911",99.3,94,92,-2,5
24761,William J Onahan School,"4,779,579","5,030,488","4,700,782","-329,707",46,46,46,0,5
47021,William Jones College Prep High School,"13,333,975","14,343,535","13,859,461","-484,074",139,148,152.6,4.6,5
25541,William K Sullivan Specialty School,"5,413,633","5,134,482","5,208,553","74,072",55.5,55,56,1,5
23401,William P Gray School,"10,035,596","10,005,015","9,375,276","-629,739",104,102,97,-5,5
24681,William P Nixon School,"7,708,736","7,238,594","6,495,556","-743,039",76,72,66,-6,5
24911,William Penn School,"4,297,939","4,342,578","4,111,608","-230,971",51,47.5,48.5,1,5
25341,William T. Sherman Elementary School of Excellence,"2,989,476","2,782,942","2,551,346","-231,596",37,38,31,-7,5
22611,William W Carter School,"3,463,197","3,349,225","3,181,100","-168,124",41,38,36,-2,5
30121,Wilma G Rudolph Learning Center,"3,630,983","3,606,717","3,780,695","173,978",41.5,45.5,45.5,0,5
68030,Winnemac Park Stadium,0,"27,490",0,"-27,490",0,0,0,0,5
69333,Wolcott School,0,"2,400",0,"-2,400",0,0,0,0,5
24611,Wolfgang A Mozart School,"6,630,106","6,429,773","5,985,597","-444,176",67,68,63,-5,5
23631,Woodlawn Community,"2,009,310","1,936,781","1,907,198","-29,583",19,18.5,18.5,0,5
28071,Woodson South Multiplex,"39,382",0,0,0,0,0,0,0,5
52011,World Language High School (at Little Village),"3,569,407","3,727,377","3,576,934","-150,443",34.5,37,33,-4,5
66108,YCCS - ASPIRA Antonia Pantoja Alternative HS,0,"1,000",0,"-1,000",0,0,0,0,5
66107,YCCS - Ada S McKinley - Lakeside HS,0,"40,063","57,358","17,295",0,0,2,2,5
66614,YCCS - Community Youth Development Institute HS,0,"15,856","36,673","20,817",0,0,1,1,5
66617,YCCS - Innovations of Arts Integration HS,0,"32,549","72,783","40,234",0,0,2,2,5
66618,YCCS - Jane Addams Alternative HS,"7,426","31,843","54,519","22,676",0,1,2,1,5
66623,YCCS - Sullivan House Alternative HS,0,"16,550","33,139","16,589",0,0,1,1,5
66627,YCCS - West Town Academy Alternative HS,"15,194","39,198","61,589","22,391",0,1,2,1,5
66629,YCCS - Youth Connection Leadership Academy HS,0,"28,325","64,546","36,221",0,0,2,2,5
69539,Yeshiva Netzach Eliyahu,"12,549",0,0,0,0,0,0,0,5
69047,Yeshiva Ohr Baruch,"70,574","47,818",0,"-47,818",0,0,0,0,5
69004,Yeshivas Meor HaTorah of Chicago,"2,981",0,0,0,0,0,0,0,5
69442,Yeshivas Tiferes TZVI,"150,490","136,990",0,"-136,990",0,0,0,0,5
66171,Young Women's Leadership Charter School,"4,049,033","3,071,091","3,374,484","303,393",2,2,2,0,5
66101,Youth Connection Charter School (YCCS),"47,360,221","48,356,708","49,130,164","773,456",15,8,0,-8,5
22781,Zenos Colman School,"49,752","16,301",0,"-16,301",0,0,0,0,5
Grand Total,,"5,691,824,489","5,411,234,428","5,699,292,585","271,058,156","38,359.00","37,083.20","36,511.40",-571.8,